,index,Player,Team,AVG,POS,FantPt/Touch,FantPt/Touch_Z,VBD,Index,Pick
0,0,Jonathan Taylor,IND,1.0,RB1,0.8951612903225806,1.0490450878288586,187,0,"Round 1, Pick 1"
1,1,Christian McCaffrey,CAR,2.7,RB2,1.6794871794871795,0.6756882792856863,9,1,"Round 1, Pick 2"
2,2,Austin Ekeler,LAC,3.0,RB3,0.9927536231884058,1.3436259575266738,128,2,"Round 1, Pick 3"
3,3,Derrick Henry,TEN,4.3,RB4,0.7383966244725738,0.575853493285537,29,3,"Round 1, Pick 4"
4,4,Cooper Kupp,LAR,5.3,WR1,1.9798657718120805,1.0185433085981566,173,4,"Round 1, Pick 5"
5,5,Justin Jefferson,MIN,5.7,WR2,1.9473684210526316,0.981450518259899,101,5,"Round 1, Pick 6"
6,6,Najee Harris,PIT,6.7,RB5,0.5958005249343832,0.14542948574358686,81,6,"Round 1, Pick 7"
7,7,Dalvin Cook,MIN,7.3,RB6,0.607773851590106,0.18157077754227882,26,7,"Round 1, Pick 8"
8,8,Ja'Marr Chase,CIN,9.0,WR3,2.5454545454545454,1.664111802894333,102,8,"Round 1, Pick 9"
9,9,Joe Mixon,CIN,10.3,RB7,0.7365269461077845,0.5702098995463438,100,9,"Round 1, Pick 10"
10,10,D'Andre Swift,DET,12.0,RB8,0.6901408450704225,0.4301942079011466,1,10,"Round 1, Pick 11"
11,11,Davante Adams,LV,12.0,WR4,1.7967479674796747,0.8095308763669214,100,11,"Round 2, Pick 1"
12,12,Stefon Diggs,BUF,14.3,WR5,1.7766990291262137,0.786646824298974,61,12,"Round 2, Pick 2"
13,13,Travis Kelce,KC,14.7,TE1,1.8191489361702127,1.3451434071726696,79,13,"Round 2, Pick 3"
14,14,Alvin Kamara,NO,16.0,RB9,0.6550522648083623,0.3242798989946229,42,14,"Round 2, Pick 4"
15,15,Nick Chubb,CLE,16.7,RB10,0.7862903225806451,0.7204198421719544,49,15,"Round 2, Pick 5"
16,16,Javonte Williams,DEN,17.3,RB11,0.6585365853658537,0.33479726393499126,16,16,"Round 2, Pick 6"
17,17,Saquon Barkley,NYG,17.3,RB12,0.5320197044334976,-0.04709188372733931,,17,"Round 2, Pick 7"
18,19,CeeDee Lamb,DAL,18.7,WR7,1.75,0.7561722943305358,32,18,"Round 2, Pick 8"
19,18,Deebo Samuel,SF,18.7,WR6,1.9264705882352942,0.9575975298438488,140,19,"Round 2, Pick 9"
20,20,Tyreek Hill,MIA,21.0,WR8,1.55,0.527890360748781,64,20,"Round 2, Pick 10"
21,21,Aaron Jones,GB,22.0,RB13,0.7937219730941704,0.7428521583926798,31,21,"Round 2, Pick 11"
22,22,Josh Allen,BUF,23.0,QB1,0.0,,134,22,"Round 2, Pick 12"
23,23,Mark Andrews,BAL,23.0,TE2,1.7962962962962963,1.316668736639705,102,23,"Round 3, Pick 1"
24,24,Leonard Fournette,TB,23.3,RB14,0.751004016064257,0.613908699782189,41,24,"Round 3, Pick 2"
25,25,Mike Evans,TB,27.7,WR9,2.52,1.6350577386202916,67,25,"Round 3, Pick 3"
26,26,A.J. Brown,PHI,28.0,WR10,1.8153846153846154,0.8308029264630324,,26,"Round 3, Pick 4"
27,27,Ezekiel Elliott,DAL,28.7,RB15,0.721830985915493,0.5258503826932973,59,27,"Round 3, Pick 5"
28,28,James Conner,ARI,29.7,RB16,0.9246861924686193,1.138165524819341,75,28,"Round 3, Pick 6"
29,29,Keenan Allen,LAC,30.3,WR11,1.4339622641509433,0.3954437672084232,30,29,"Round 3, Pick 7"
30,30,Cam Akers,LAR,31.3,RB17,0.0,-1.6529847097945753,,30,"Round 3, Pick 8"
31,31,Kyle Pitts,ATL,31.3,TE3,1.6029411764705883,1.0757458776931954,17,31,"Round 3, Pick 9"
32,32,Tee Higgins,CIN,33.3,WR12,1.9594594594594594,0.9952513463925086,24,32,"Round 3, Pick 10"
33,33,Patrick Mahomes,II,33.3,QB2,0.0,,93,33,"Round 3, Pick 11"
34,34,David Montgomery,CHI,36.0,RB18,0.5730337078651685,0.07670821865674518,7,34,"Round 3, Pick 12"
35,35,Michael Pittman Jr.,IND,36.7,WR13,1.6236559139784945,0.6119619330624917,29,35,"Round 4, Pick 1"
36,36,Justin Herbert,LAC,37.3,QB3,0.0,,112,36,"Round 4, Pick 2"
37,37,Breece Hall,NYJ,39.0,RB19,1.55,0.527890360748781,64,37,"Round 4, Pick 3"
38,38,Travis Etienne Jr.,JAC,40.0,RB20,1.8191489361702127,1.3451434071726696,79,38,"Round 4, Pick 4"
39,39,Diontae Johnson,PIT,42.0,WR14,1.4910714285714286,0.4606287196041569,46,39,"Round 4, Pick 5"
40,40,George Kittle,SF,42.3,TE4,1.7162162162162162,1.216887971305178,35,40,"Round 4, Pick 6"
41,41,Moore,DJ,43.0,WR15,1.4356435643564356,0.3973628195176291,23,41,"Round 4, Pick 7"
42,42,Jaylen Waddle,MIA,44.3,WR16,1.3396226415094339,0.2877636098585389,20,42,"Round 4, Pick 8"
43,43,Terry McLaurin,WAS,44.3,WR17,1.7564102564102564,0.7634890229709765,15,43,"Round 4, Pick 9"
44,44,Josh Jacobs,LV,44.7,RB21,0.6346863468634686,0.2628057068708479,26,44,"Round 4, Pick 10"
45,45,Mike Williams,LAC,47.0,WR18,2.25,1.3268771282849225,49,45,"Round 4, Pick 11"
46,46,Darren Waller,LV,47.7,TE5,1.4363636363636363,0.8681882126310065,,46,"Round 4, Pick 12"
47,47,Metcalf,DK,48.0,WR19,2.223684210526316,1.2968400317610076,48,47,"Round 5, Pick 1"
48,48,Lamar Jackson,BAL,49.0,QB4,0.0,,,48,"Round 5, Pick 2"
49,49,Elijah Mitchell,SF,49.3,RB22,0.6460176991150443,0.29700920937048286,,49,"Round 5, Pick 3"
50,50,Courtland Sutton,DEN,53.0,WR20,1.5862068965517242,0.5692172625178918,,50,"Round 5, Pick 4"
51,51,Dillon,AJ,53.7,RB23,0.6877828054298643,0.4230765035928318,6,51,"Round 5, Pick 5"
52,52,J.K. Dobbins,BAL,56.3,RB24,0.6666666666666666,0.3593377821291832,,52,"Round 5, Pick 6"
53,53,Amon-Ra St. Brown,DET,56.7,WR21,1.4123711340206186,0.3707994425365942,16,53,"Round 5, Pick 7"
54,54,Brandin Cooks,HOU,58.0,WR22,1.5434782608695652,0.5204463846537237,20,54,"Round 5, Pick 8"
55,56,Kyler Murray,ARI,59.0,QB5,0.0,,32,55,"Round 5, Pick 9"
56,55,Chris Godwin,TB,59.0,WR23,1.411764705882353,0.37010725959668594,23,56,"Round 5, Pick 10"
57,57,Joe Burrow,CIN,59.7,QB6,0.0,,46,57,"Round 5, Pick 11"
58,58,Marquise Brown,ARI,59.7,WR24,1.4673913043478262,0.43359999687805634,14,58,"Round 5, Pick 12"
59,59,Darnell Mooney,CHI,61.0,WR25,1.5977011494252873,0.582336913873165,17,59,"Round 6, Pick 1"
60,60,Jalen Hurts,PHI,63.0,QB7,0.0,,44,60,"Round 6, Pick 2"
61,61,Allen Robinson,II,63.0,WR26,1.2894736842105263,0.23052310516202157,,61,"Round 6, Pick 3"
62,62,Dalton Schultz,DAL,64.3,TE6,1.6794871794871795,1.1711231395123227,39,62,"Round 6, Pick 4"
63,63,Michael Thomas,NO,66.0,WR27,0.0,-1.2412946245098182,,63,"Round 6, Pick 5"
64,64,Amari Cooper,CLE,66.3,WR28,1.9852941176470589,1.024739275014953,13,64,"Round 6, Pick 6"
65,65,Antonio Gibson,WAS,66.7,RB25,0.6233333333333333,0.2285368201541389,41,65,"Round 6, Pick 7"
66,66,Jerry Jeudy,DEN,67.3,WR29,1.175,0.09986173528299092,,66,"Round 6, Pick 8"
67,67,Gabriel Davis,BUF,67.7,WR30,2.6,1.7263705120529935,,67,"Round 6, Pick 9"
68,68,Clyde Edwards-Helaire,KC,70.7,RB26,0.717391304347826,0.512449276079904,,68,"Round 6, Pick 10"
69,69,T.J. Hockenson,DET,71.3,TE7,1.3770491803278688,0.7942816704206143,,69,"Round 6, Pick 11"
70,70,Damien Harris,NE,71.7,RB27,0.8727272727272727,0.9813283705419813,46,70,"Round 6, Pick 12"
71,71,Adam Thielen,MIN,73.7,WR31,1.9558823529411764,0.9911684024294009,11,71,"Round 7, Pick 1"
72,72,Devin Singletary,BUF,74.0,RB28,0.6929824561403509,0.4387715647051213,12,72,"Round 7, Pick 2"
73,73,Dak Prescott,DAL,75.0,QB8,0.0,,52,73,"Round 7, Pick 3"
74,74,JuJu Smith-Schuster,KC,76.0,WR32,1.054054054054054,0.3918257679453081,,74,"Round 7, Pick 4"
75,75,Cordarrelle Patterson,ATL,77.3,RB29,0.8926829268292683,1.041564187927726,37,75,"Round 7, Pick 5"
76,76,Miles Sanders,PHI,78.3,RB30,0.558282208588957,0.032181057982069175,,76,"Round 7, Pick 6"
77,77,Elijah Moore,NYJ,79.0,WR33,1.9791666666666667,1.0177453432262964,,77,"Round 7, Pick 7"
78,78,Tony Pollard,DAL,79.7,RB31,0.7337278106508875,0.5617607546895613,,78,"Round 7, Pick 8"
79,79,Rashaad Penny,SEA,80.0,RB32,0.928,1.1481681989632968,,79,"Round 7, Pick 9"
80,80,Kareem Hunt,CLE,81.7,RB33,0.88,1.0032809795447861,,80,"Round 7, Pick 10"
81,81,Russell Wilson,DEN,81.7,QB9,0.0,,,81,"Round 7, Pick 11"
82,82,Dallas Goedert,PHI,81.7,TE8,1.9464285714285714,1.5037353991496805,17,82,"Round 7, Pick 12"
83,83,Chase Edmonds,MIA,82.3,RB34,0.6289308176100629,0.24543273541651767,,83,"Round 8, Pick 1"
84,84,Rashod Bateman,BAL,83.7,WR34,1.2608695652173914,0.19787408720124433,,84,"Round 8, Pick 2"
85,85,Tom Brady,TB,85.3,QB10,0.0,,106,85,"Round 8, Pick 3"
86,86,Hunter Renfrow,LV,85.7,WR35,1.471698113207547,0.4385158301483769,35,86,"Round 8, Pick 4"
87,87,DeVonta Smith,PHI,86.0,WR36,1.90625,0.9345175549412816,,87,"Round 8, Pick 5"
88,88,Rhamondre Stevenson,NE,88.3,RB35,0.6870748299319728,0.4209394910656249,,88,"Round 8, Pick 6"
89,89,Ken Walker,III,90.0,RB36,1.4363636363636363,0.8681882126310065,,89,"Round 8, Pick 7"
90,90,Matthew Stafford,LAR,93.3,QB11,0.0,,61,90,"Round 8, Pick 8"
91,91,Brandon Aiyuk,SF,93.3,WR37,1.8688524590163935,0.8918316401065787,,91,"Round 8, Pick 9"
92,92,DeAndre Hopkins,ARI,94.3,WR38,2.5,1.612229545262116,,92,"Round 8, Pick 10"
93,93,Drake London,ATL,95.3,WR39,0.7849462365591398,0.716362740373721,,93,"Round 8, Pick 11"
94,94,Tyler Lockett,SEA,95.7,WR40,2.24,1.315463031605835,47,94,"Round 8, Pick 12"
95,95,Zach Ertz,ARI,96.0,TE9,1.4266666666666667,0.8561056690468621,15,95,"Round 9, Pick 1"
96,96,Aaron Rodgers,GB,96.3,QB12,0.0,,64,96,"Round 9, Pick 2"
97,97,Melvin Gordon,III,97.7,RB37,0.7229437229437229,0.5292091613175524,21,97,"Round 9, Pick 3"
98,98,Christian Kirk,JAC,101.3,WR41,1.6794871794871795,0.6756882792856863,9,98,"Round 9, Pick 4"
99,99,Robert Woods,TEN,101.7,WR42,1.7358490566037736,0.7400202707280532,,99,"Round 9, Pick 5"
100,100,Dawson Knox,BUF,102.0,TE10,2.3469387755102042,2.0027760425604977,23,100,"Round 9, Pick 6"
101,101,Trey Lance,SF,102.0,QB13,0.0,,,101,"Round 9, Pick 7"
102,103,Treylon Burks,TEN,103.7,WR43,0.5374149659863946,-0.030806374468279964,,102,"Round 9, Pick 8"
103,102,Dameon Pierce,HOU,103.7,RB38,0.0,-1.2412946245098182,,103,"Round 9, Pick 9"
104,104,Allen Lazard,GB,104.0,WR44,2.395348837209302,1.4927796962949187,,104,"Round 9, Pick 10"
105,105,Chris Olave,NO,105.3,WR45,1.8695652173913044,0.8926451894065849,,105,"Round 9, Pick 11"
106,106,Michael Carter,NYJ,107.7,RB39,0.644808743169399,0.2933599955087324,,106,"Round 9, Pick 12"
107,107,James Cook,BUF,108.0,RB40,1.6153846153846154,0.6025209928812778,,107,"Round 10, Pick 1"
108,108,Derek Carr,LV,110.0,QB14,0.0,,,108,"Round 10, Pick 2"
109,109,James Robinson,JAC,110.0,RB41,0.7333333333333333,0.560570031321559,,109,"Round 10, Pick 3"
110,110,Kirk Cousins,MIN,111.0,QB15,0.0,,32,110,"Round 10, Pick 4"
111,111,Chase Claypool,PIT,111.7,WR46,1.4794520547945205,0.44736625404014824,,111,"Round 10, Pick 5"
112,112,Kadarius Toney,NYG,113.0,WR47,1.0238095238095237,-0.07270853593655001,,112,"Round 10, Pick 6"
113,113,Alexander Mattison,MIN,116.7,RB42,0.5662650602409639,0.056277165875605356,,113,"Round 10, Pick 7"
114,114,Pat Freiermuth,PIT,120.0,TE11,1.5333333333333334,0.9890136484724521,,114,"Round 10, Pick 8"
115,115,Darrell Henderson Jr.,LAR,120.3,RB43,0.7528089887640449,0.6193569805238262,,115,"Round 10, Pick 9"
116,116,Brian Robinson Jr.,WAS,120.7,RB44,1.2894736842105263,0.23052310516202157,,116,"Round 10, Pick 10"
117,117,Cole Kmet,CHI,121.0,TE12,1.0,0.3244737513445025,,117,"Round 10, Pick 11"
118,118,Russell Gage,TB,122.7,WR48,1.4696969696969697,0.436231705598531,,118,"Round 10, Pick 12"
119,119,Isaiah Spiller,LAC,123.0,RB45,0.0,-1.2412946245098182,,119,"Round 11, Pick 1"
120,120,Garrett Wilson,NYJ,124.0,WR49,0.7931034482758621,-0.3360386809959632,,120,"Round 11, Pick 2"
121,121,Kenneth Gainwell,PHI,124.0,RB46,0.8910891089108911,1.0367532744599537,,121,"Round 11, Pick 3"
122,122,Tyler Boyd,CIN,124.7,WR50,1.6956521739130435,0.694139160205059,,122,"Round 11, Pick 4"
123,123,Nyheim Hines,IND,128.3,RB47,0.7604166666666666,0.6423206325559618,,123,"Round 11, Pick 5"
124,124,Tua Tagovailoa,MIA,128.3,QB16,0.0,,,124,"Round 11, Pick 6"
125,125,Mike Gesicki,MIA,129.0,TE13,1.2602739726027397,0.6487783244292038,,125,"Round 11, Pick 7"
126,126,Justin Fields,CHI,129.3,QB17,0.0,,,126,"Round 11, Pick 8"
127,127,Rachaad White,TB,130.7,RB48,0.0,-1.2412946245098182,,127,"Round 11, Pick 9"
128,128,Skyy Moore,KC,133.0,WR51,1.4356435643564356,0.3973628195176291,23,128,"Round 11, Pick 10"
129,171,Buffalo Bills,DST,133.5,DST1,0.0,-0.9215385557704027,,129,"Round 11, Pick 11"
130,129,George Pickens,PIT,136.7,WR52,1.7162162162162162,1.216887971305178,35,130,"Round 11, Pick 12"
131,130,Jakobi Meyers,NE,137.3,WR53,1.2261904761904763,0.15829103971165437,,131,"Round 12, Pick 1"
132,131,Chark Jr.,DJ,138.3,WR54,1.6236559139784945,0.6119619330624917,29,132,"Round 12, Pick 2"
133,132,J.D. McKissic,WAS,139.0,RB49,0.9340659340659341,1.1664781222964054,,133,"Round 12, Pick 3"
134,133,Irv Smith Jr.,MIN,139.0,TE14,1.6236559139784945,0.6119619330624917,29,134,"Round 12, Pick 4"
135,134,Rondale Moore,ARI,139.3,WR55,0.7638888888888888,-0.3693844615239495,,135,"Round 12, Pick 5"
136,135,Khalil Herbert,CHI,140.0,RB50,0.5555555555555556,0.02395070014189029,,136,"Round 12, Pick 6"
137,136,Jarvis Landry,NO,141.3,WR56,1.396551724137931,0.352743015155883,,137,"Round 12, Pick 7"
138,137,Marquez Valdes-Scantling,KC,142.0,WR57,2.3461538461538463,1.4366280578915356,,138,"Round 12, Pick 8"
139,138,Raheem Mostert,MIA,143.7,RB51,1.4266666666666667,0.8561056690468621,15,139,"Round 12, Pick 9"
140,139,Tyler Allgeier,ATL,144.0,RB52,1.4098360655737705,0.8351345329489719,,140,"Round 12, Pick 10"
141,140,Trevor Lawrence,JAC,144.7,QB18,0.0,,,141,"Round 12, Pick 11"
142,141,Justin Tucker,BAL,146.3,K1,0.9927536231884058,1.3436259575266738,128,142,"Round 12, Pick 12"
143,183,Tampa Bay Buccaneers,DST,147.5,DST2,0.0,,106,143,"Round 13, Pick 1"
144,142,Jamaal Williams,DET,148.7,RB53,0.5251396648044693,-0.0678591714635699,,144,"Round 13, Pick 2"
145,143,Michael Gallup,DAL,150.7,WR58,1.6285714285714286,0.6175725489416132,,145,"Round 13, Pick 3"
146,144,Kenny Golladay,NYG,151.3,WR59,1.4054054054054055,0.36284869255116114,,146,"Round 13, Pick 4"
147,145,Jahan Dotson,WAS,151.3,WR60,0.0,-0.9215385557704027,,147,"Round 13, Pick 5"
148,146,Albert Okwuegbunam,DEN,153.3,TE15,1.303030303030303,0.7020532383490192,,148,"Round 13, Pick 6"
149,147,DeVante Parker,NE,153.3,WR61,1.6,0.5849608441442198,,149,"Round 13, Pick 7"
150,148,Jalen Tolbert,DAL,157.3,WR62,0.0,,44,150,"Round 13, Pick 8"
151,149,Matt Ryan,IND,158.0,QB19,0.0,,,151,"Round 13, Pick 9"
152,190,Isiah Pacheco,KC,158.5,RB61,0.0,-1.2412946245098182,,152,"Round 13, Pick 10"
153,150,Ryan Tannehill,TEN,159.0,QB20,0.0,,,153,"Round 13, Pick 11"
154,151,Romeo Doubs,GB,159.0,WR63,1.7358490566037736,0.7400202707280532,,154,"Round 13, Pick 12"
155,191,Dallas Cowboys,DST,159.5,DST3,2.2758620689655173,1.3563963438342876,,155,"Round 14, Pick 1"
156,152,Daniel Carlson,LV,161.3,K2,0.0,-1.2412946245098182,,156,"Round 14, Pick 2"
157,153,Jameson Williams,DET,163.0,WR64,0.8035714285714286,0.7725825795778124,,157,"Round 14, Pick 3"
158,154,Julio Jones,TB,163.0,WR65,1.5806451612903225,0.5628690441201788,,158,"Round 14, Pick 4"
159,155,Mecole Hardman,KC,165.3,WR66,1.2238805970149254,0.1556545212889794,,159,"Round 14, Pick 5"
160,156,Evan McPherson,CIN,168.0,K3,0.0,-0.9215385557704027,,160,"Round 14, Pick 6"
161,198,Indianapolis Colts,DST,168.5,DST4,1.1714285714285715,0.5380758611356292,,161,"Round 14, Pick 7"
162,157,David Njoku,CLE,168.7,TE16,1.945945945945946,1.5031340418586023,,162,"Round 14, Pick 8"
163,158,Hunter Henry,NE,169.0,TE17,2.28,1.919369504451581,23,163,"Round 14, Pick 9"
164,159,Jameis Winston,NO,169.7,QB21,1.6153846153846154,0.6025209928812778,,164,"Round 14, Pick 10"
165,161,Mac Jones,NE,170.7,QB22,0.0,,,165,"Round 14, Pick 11"
166,160,Darrel Williams,ARI,170.7,RB54,0.7801047120418848,0.7017486773518125,3,166,"Round 14, Pick 12"
167,162,Noah Fant,SEA,172.3,TE18,1.338235294117647,0.7459190905157204,,167,"Round 15, Pick 1"
168,163,Ronald Jones,II,172.7,RB55,0.6216216216216216,0.22337004618838877,,168,"Round 15, Pick 2"
169,202,New England Patriots,DST,174.5,DST5,0.0,,,169,"Round 15, Pick 3"
170,164,Christian Watson,GB,175.0,WR67,1.6794871794871795,0.6756882792856863,9,170,"Round 15, Pick 4"
171,165,Marlon Mack,HOU,176.3,RB56,0.0,,,171,"Round 15, Pick 5"
172,166,Harrison Butker,KC,176.3,K4,1.9523809523809523,1.5111521390729834,,172,"Round 15, Pick 6"
173,167,Zamir White,LV,178.0,RB57,0.0,-1.2412946245098182,,173,"Round 15, Pick 7"
174,203,New Orleans Saints,DST,178.0,DST6,0.72,-0.024409694647670944,,174,"Round 15, Pick 8"
175,168,Joshua Palmer,LAC,180.0,WR68,1.7647058823529411,0.7729577306233117,,175,"Round 15, Pick 9"
176,169,Robert Tonyan,GB,180.3,TE19,0.0,-0.9215385557704027,,176,"Round 15, Pick 10"
177,170,Isaiah McKenzie,BUF,180.7,WR69,1.1379310344827587,0.057550859662234666,,177,"Round 15, Pick 11"
178,172,D'Onta Foreman,CAR,183.7,RB58,0.5985915492957746,0.1538541473904896,,178,"Round 15, Pick 12"
179,173,Matt Gay,LAR,184.3,K5,0.0,,,179,"Round 16, Pick 1"
180,174,Mark Ingram,II,185.3,RB59,0.4385026737967914,-0.3293715199195898,,180,"Round 16, Pick 2"
181,207,Miami Dolphins,DST,187.0,DST7,0.0,-1.2412946245098182,,181,"Round 16, Pick 3"
182,175,Sammy Watkins,GB,187.0,WR70,1.5925925925925926,0.5765059577152658,,182,"Round 16, Pick 4"
183,176,Deshaun Watson,CLE,187.3,QB23,2.6666666666666665,1.8024644899135782,,183,"Round 16, Pick 5"
184,208,San Francisco 49ers,DST,188.5,DST8,0.0,,64,184,"Round 16, Pick 6"
185,178,Gerald Everett,LAC,189.0,TE20,1.3725490196078431,0.7886744147794672,,185,"Round 16, Pick 7"
186,177,Alec Pierce,IND,189.0,WR71,0.0,-1.2412946245098182,,186,"Round 16, Pick 8"
187,179,Gus Edwards,BAL,189.7,RB60,0.717391304347826,0.512449276079904,,187,"Round 16, Pick 9"
188,180,Tyler Bass,BUF,190.3,K6,0.0,-0.9215385557704027,,188,"Round 16, Pick 10"
189,181,Evan Engram,JAC,191.3,TE21,1.2127659574468086,0.5895827528583123,,189,"Round 16, Pick 11"
190,182,Davis Mills,HOU,192.0,QB24,0.0,,,190,"Round 16, Pick 12"
191,184,Baker Mayfield,CAR,193.0,QB25,0.0,,,191,"Round 17, Pick 1"
192,185,Carson Wentz,WAS,195.0,QB26,0.0,,,192,"Round 17, Pick 2"
193,186,K.J. Osborn,MIN,195.3,WR72,2.1372549019607843,1.1981887833736393,,193,"Round 17, Pick 3"
194,217,Los Angeles Rams,DST,196.0,DST9,0.558282208588957,0.032181057982069175,,194,"Round 17, Pick 4"
195,187,Robbie Anderson,CAR,198.0,WR73,1.5357142857142858,0.5115845083500844,,195,"Round 17, Pick 5"
196,188,Corey Davis,NYJ,198.3,WR74,2.088235294117647,1.142237329064386,,196,"Round 17, Pick 6"
197,264,Ameer Abdullah,LV,199.0,RB82,0.5842696629213483,0.11062376627343783,,197,"Round 17, Pick 7"
198,189,Wan'Dale Robinson,NYG,199.7,WR75,1.2894736842105263,0.23052310516202157,,198,"Round 17, Pick 8"
199,192,Jeff Wilson Jr.,SF,201.3,RB62,0.5232558139534884,-0.07354554462185765,,199,"Round 17, Pick 9"
200,226,Denver Broncos,DST,202.0,DST10,0.0,-1.2412946245098182,,200,"Round 17, Pick 10"
201,193,Matt Prater,ARI,202.0,K7,0.0,,,201,"Round 17, Pick 11"
202,194,Jared Goff,DET,202.3,QB27,0.0,,,202,"Round 17, Pick 12"
203,195,Sony Michel,MIA,202.7,RB63,0.5458515283842795,-0.005340748066606844,,203,"Round 18, Pick 1"
204,196,Tyrion Davis-Price,SF,203.0,RB64,0.0,,,204,"Round 18, Pick 2"
205,265,Atlanta Falcons,DST,204.0,DST16,0.0,,,205,"Round 18, Pick 3"
206,197,Nico Collins,HOU,205.0,WR76,1.5454545454545454,0.5227021349855593,,206,"Round 18, Pick 4"
207,231,Joshua Kelley,LAC,205.5,RB72,0.3157894736842105,-0.6997793188833213,,207,"Round 18, Pick 5"
208,199,Van Jefferson,LAR,206.7,WR77,2.269230769230769,1.348827314206245,,208,"Round 18, Pick 6"
209,234,Los Angeles Chargers,DST,207.0,DST11,0.5958005249343832,0.14542948574358686,81,209,"Round 18, Pick 7"
210,269,Las Vegas Raiders,DST,208.0,DST18,0.558282208588957,0.032181057982069175,,210,"Round 18, Pick 8"
211,201,Marvin Jones Jr.,JAC,210.3,WR78,1.4657534246575343,0.4317305051646858,,211,"Round 18, Pick 9"
212,239,Kansas City Chiefs,DST,212.5,DST12,0.0,-1.2412946245098182,,212,"Round 18, Pick 10"
213,241,Dustin Hopkins,LAC,214.5,K12,2.5,1.612229545262116,,213,"Round 18, Pick 11"
214,204,Tyler Higbee,LAR,215.7,TE22,1.4098360655737705,0.8351345329489719,,214,"Round 18, Pick 12"
215,205,Rodrigo Blankenship,IND,217.0,K8,1.55,1.0097805202577004,,215,"Round 19, Pick 1"
216,242,Ryan Succop,TB,217.0,K13,0.0,,,216,"Round 19, Pick 2"
217,206,Hassan Haskins,TEN,217.7,RB65,0.72,-0.024409694647670944,,217,"Round 19, Pick 3"
218,200,Zach Wilson,NYJ,219.0,QB28,0.0,,,218,"Round 19, Pick 4"
219,209,Dontrell Hilliard,TEN,220.3,RB66,0.72,0.520323581483084,,219,"Round 19, Pick 5"
220,210,Curtis Samuel,WAS,221.3,WR79,1.9264705882352942,0.9575975298438488,140,220,"Round 19, Pick 6"
221,211,Chuba Hubbard,CAR,221.7,RB67,0.5736040609137056,0.07842982005860805,,221,"Round 19, Pick 7"
222,213,Daniel Jones,NYG,222.3,QB29,0.0,,,222,"Round 19, Pick 8"
223,214,Kenyan Drake,,223.0,RB68,0.7849462365591398,0.716362740373721,,223,"Round 19, Pick 9"
224,215,Kenny Pickett,PIT,223.7,QB30,1.6029411764705883,1.0757458776931954,17,224,"Round 19, Pick 10"
225,276,Cade York,CLE,224.0,K17,0.0,,,225,"Round 19, Pick 11"
226,216,Mike Davis,BAL,224.0,RB69,0.5164835164835165,-0.09398761440309182,,226,"Round 19, Pick 12"
227,247,Tyquan Thornton,NE,224.5,WR86,0.8736842105263158,0.9842168717265611,,227,"Round 20, Pick 1"
228,212,Odell Beckham Jr.,,225.0,WR80,1.8478260869565217,0.8678319357563941,,228,"Round 20, Pick 2"
229,250,Desmond Ridder,ATL,226.0,QB35,1.8529411764705883,0.8736703483799685,,229,"Round 20, Pick 3"
230,219,D'Ernest Johnson,CLE,226.3,RB70,0.7142857142857143,0.5030751029808804,,230,"Round 20, Pick 4"
231,246,Jacoby Brissett,CLE,226.5,QB34,0.0,,,231,"Round 20, Pick 5"
232,251,Kyle Rudolph,TB,227.0,TE28,1.3076923076923077,0.7078621535337042,,232,"Round 20, Pick 6"
233,223,Taysom Hill,NO,227.3,TE25,0.0,,,233,"Round 20, Pick 7"
234,221,Cameron Brate,TB,227.3,TE24,1.6333333333333333,1.1136148791839424,,234,"Round 20, Pick 8"
235,222,David Bell,CLE,227.3,WR82,0.5730337078651685,0.07670821865674518,7,235,"Round 20, Pick 9"
236,224,Logan Thomas,WAS,227.7,TE26,0.0,-0.9215385557704027,,236,"Round 20, Pick 10"
237,218,Hayden Hurst,CIN,228.0,TE23,1.4615384615384615,0.8995563546283049,,237,"Round 20, Pick 11"
238,225,Donovan Peoples-Jones,CLE,228.3,WR83,2.235294117647059,1.3100916919921466,,238,"Round 20, Pick 12"
239,227,Brandon McManus,DEN,229.0,K9,1.8688524590163935,0.8918316401065787,,239,"Round 21, Pick 1"
240,228,Hamler,KJ,230.0,WR84,0.0,-0.9215385557704027,,240,"Round 21, Pick 2"
241,229,Marcus Mariota,ATL,230.7,QB31,0.0,,,241,"Round 21, Pick 3"
242,254,Kyren Williams,LAR,231.0,RB78,2.25,1.3268771282849225,49,242,"Round 21, Pick 4"
243,230,Myles Gaskin,MIA,231.0,RB71,0.5630630630630631,0.04661198946535603,,243,"Round 21, Pick 5"
244,255,Baltimore Ravens,DST,232.0,DST13,0.6870748299319728,0.4209394910656249,,244,"Round 21, Pick 6"
245,283,Joey Slye,WAS,232.0,K18,0.0,-0.9215385557704027,,245,"Round 21, Pick 7"
246,233,Eno Benjamin,ARI,232.0,RB73,0.55,0.007181346042525694,,246,"Round 21, Pick 8"
247,256,Jonnu Smith,NE,232.5,TE29,1.054054054054054,0.3918257679453081,,247,"Round 21, Pick 9"
248,235,Jimmy Garoppolo,SF,233.3,QB33,0.0,,,248,"Round 21, Pick 10"
249,232,Mitch Trubisky,PIT,233.3,QB32,0.5458515283842795,-0.005340748066606844,,249,"Round 21, Pick 11"
250,258,Tennessee Titans,DST,234.5,DST14,0.0,,,250,"Round 21, Pick 12"
251,237,Jamison Crowder,BUF,234.7,WR85,1.1568627450980393,0.07915969718856716,,251,"Round 22, Pick 1"
252,238,Austin Hooper,TEN,235.0,TE27,1.4473684210526316,0.8819003097906444,,252,"Round 22, Pick 2"
253,220,Parris Campbell,IND,235.3,WR81,0.8727272727272727,0.9813283705419813,46,253,"Round 22, Pick 3"
254,259,Pittsburgh Steelers,DST,235.5,DST15,0.9927536231884058,1.3436259575266738,128,254,"Round 22, Pick 4"
255,240,Wil Lutz,NO,236.7,K11,0.6585365853658537,0.33479726393499126,16,255,"Round 22, Pick 5"
256,244,Boston Scott,PHI,240.0,RB74,0.86,0.9429113047870733,,256,"Round 22, Pick 6"
257,243,Nick Folk,NE,240.7,K14,1.8421052631578947,0.8613021321642386,,257,"Round 22, Pick 7"
258,266,Minnesota Vikings,DST,243.5,DST17,0.0,-1.2412946245098182,,258,"Round 22, Pick 8"
259,287,Devin Duvernay,BAL,244.0,WR96,1.25,0.1854674603761489,,259,"Round 22, Pick 9"
260,248,Terrace Marshall Jr.,CAR,244.0,WR87,0.0,-1.2412946245098182,,260,"Round 22, Pick 10"
261,249,Kendrick Bourne,NE,244.7,WR88,1.8805970149253732,0.9052369897663832,4,261,"Round 22, Pick 11"
262,270,Green Bay Packers,DST,246.5,DST19,1.9074074074074074,0.9358386309458058,,262,"Round 22, Pick 12"
263,289,Cincinnati Bengals,DST,247.0,DST21,0.0,-1.2412946245098182,,263,"Round 23, Pick 1"
264,291,Seattle Seahawks,DST,248.0,DST22,0.0,-1.6529847097945753,,264,"Round 23, Pick 2"
265,253,Samaje Perine,CIN,248.0,RB77,0.6829268292682927,0.40841881851756784,,265,"Round 23, Pick 3"
266,252,Keaontay Ingram,ARI,248.0,RB76,1.2127659574468086,0.5895827528583123,,266,"Round 23, Pick 4"
267,257,William Fuller V,,249.3,WR89,2.25,1.3268771282849225,49,267,"Round 23, Pick 5"
268,236,Younghoe Koo,ATL,250.7,K10,0.7638888888888888,-0.3693844615239495,,268,"Round 23, Pick 6"
269,261,Matt Breida,NYG,252.0,RB80,1.0909090909090908,1.6399066406261205,,269,"Round 23, Pick 7"
270,262,Trey Sermon,SF,252.3,RB81,0.5681818181818182,0.06206286854953731,,270,"Round 23, Pick 8"
271,263,Brevin Jordan,HOU,252.7,TE30,1.8,1.3212835970364265,,271,"Round 23, Pick 9"
272,275,Greg Joseph,MIN,253.0,K16,0.0,-1.2412946245098182,,272,"Round 23, Pick 10"
273,278,Trey McBride,ARI,254.0,TE32,1.7564102564102564,0.7634890229709765,15,273,"Round 23, Pick 11"
274,298,Detroit Lions,DST,254.0,DST24,1.32,2.331413824214467,,274,"Round 23, Pick 12"
275,299,Daniel Bellinger,NYG,254.0,TE37,0.0,-0.9215385557704027,,275,"Round 24, Pick 1"
276,277,C.J. Uzomah,NYJ,254.0,TE31,1.6122448979591837,1.0873384291699548,,276,"Round 24, Pick 2"
277,280,Damien Williams,ATL,255.0,RB85,0.8035714285714286,0.7725825795778124,,277,"Round 24, Pick 3"
278,301,Pierre Strong Jr.,NE,255.0,RB86,2.1914893617021276,1.2600925200562176,,278,"Round 24, Pick 4"
279,279,Tyler Badie,BAL,255.0,RB84,1.6956521739130435,0.694139160205059,,279,"Round 24, Pick 5"
280,267,A.J. Green,ARI,256.7,WR90,1.9074074074074074,0.9358386309458058,,280,"Round 24, Pick 6"
281,302,Olamide Zaccheaus,ATL,257.0,WR102,1.84375,0.8631794506969833,,281,"Round 24, Pick 7"
282,284,Cedrick Wilson Jr.,MIA,258.0,WR94,2.1914893617021276,1.2600925200562176,,282,"Round 24, Pick 8"
283,245,Jerick McKinnon,KC,258.7,RB75,0.92,1.1240203290602118,,283,"Round 24, Pick 9"
284,271,Ke'Shawn Vaughn,TB,258.7,RB83,0.825,0.8372643739610759,,284,"Round 24, Pick 10"
285,272,Laviska Shenault Jr.,JAC,261.3,WR91,0.8648648648648649,-0.25412950631844633,,285,"Round 24, Pick 11"
286,285,Cleveland Browns,DST,261.5,DST20,1.8153846153846154,0.8308029264630324,,286,"Round 24, Pick 12"
287,286,Marquez Callaway,NO,261.5,WR95,2.3043478260869565,1.3889102624103995,,287,"Round 25, Pick 1"
288,306,New York Jets,DST,262.0,DST25,0.0,-1.2412946245098182,,288,"Round 25, Pick 2"
289,307,Carolina Panthers,DST,263.0,DST26,1.338235294117647,0.7459190905157204,,289,"Round 25, Pick 3"
290,260,Chris Evans,CIN,265.0,RB79,1.09375,1.6484818785178412,,290,"Round 25, Pick 4"
291,309,Jalen Guyton,LAC,265.0,WR105,1.736842105263158,0.7411537460685783,,291,"Round 25, Pick 5"
292,293,Velus Jones Jr.,CHI,266.5,WR99,0.0,,,292,"Round 25, Pick 6"
293,295,Adam Trautman,NO,267.5,TE35,1.3333333333333333,0.7398111870494708,,293,"Round 25, Pick 7"
294,300,Sterling Shepard,NYG,268.5,WR101,0.0,,,294,"Round 25, Pick 8"
295,268,Drew Lock,SEA,269.0,QB36,0.0,,,295,"Round 25, Pick 9"
296,273,Byron Pringle,CHI,269.3,WR92,2.0238095238095237,1.0687011319722237,,296,"Round 25, Pick 10"
297,274,Robbie Gould,SF,270.5,K15,1.7358490566037736,0.7400202707280532,,297,"Round 25, Pick 11"
298,312,New York Giants,DST,271.0,DST28,2.5,1.612229545262116,,298,"Round 25, Pick 12"
299,313,Jelani Woods,IND,271.0,TE38,1.7358490566037736,0.7400202707280532,,299,"Round 26, Pick 1"
300,314,Justyn Ross,KC,272.0,WR106,0.0,-1.2412946245098182,,300,"Round 26, Pick 2"
301,304,Amari Rodgers,GB,272.5,WR104,0.0,-1.2412946245098182,,301,"Round 26, Pick 3"
302,308,Jason Sanders,MIA,273.5,K20,0.558282208588957,0.032181057982069175,,302,"Round 26, Pick 4"
303,310,Arizona Cardinals,DST,274.5,DST27,0.0,-1.6529847097945753,,303,"Round 26, Pick 5"
304,316,Cairo Santos,CHI,275.0,K21,0.0,,,304,"Round 26, Pick 6"
305,317,James Washington,DAL,276.0,WR107,1.6153846153846154,0.6025209928812778,,305,"Round 26, Pick 7"
306,288,Randall Cobb,GB,277.0,WR97,2.2758620689655173,1.3563963438342876,,306,"Round 26, Pick 8"
307,318,Tony Poljan,BAL,277.0,TE39,0.7337278106508875,0.5617607546895613,,307,"Round 26, Pick 9"
308,320,Vernon Davis,,278.0,TE40,0.0,-0.9215385557704027,,308,"Round 26, Pick 10"
309,296,Philadelphia Eagles,DST,278.5,DST23,0.44565217391304346,-0.3077908700846715,,309,"Round 26, Pick 11"
310,321,Peyton Barber,,279.0,RB89,0.6153846153846154,0.2045437442888943,,310,"Round 26, Pick 12"
311,323,Joel Stave,,281.0,QB37,0.92,-0.19119773003374638,,311,"Round 27, Pick 1"
312,282,Zay Jones,JAC,281.0,WR93,1.2040816326530612,0.13305579195176645,,312,"Round 27, Pick 2"
313,297,Greg Dulcich,DEN,282.5,TE36,0.0,-1.2412946245098182,,313,"Round 27, Pick 3"
314,311,Zack Moss,BUF,283.0,RB87,0.6890756302521008,0.42697887429468784,,314,"Round 27, Pick 4"
315,324,Duke Johnson Jr.,BUF,284.0,RB91,0.8736842105263158,0.9842168717265611,,315,"Round 27, Pick 5"
316,325,David Johnson,,286.0,RB92,0.494949494949495,-0.15898770821481506,,316,"Round 27, Pick 6"
317,290,Mo Alie-Cox,IND,288.5,TE34,2.3333333333333335,1.9858234941643764,,317,"Round 27, Pick 7"
318,281,Isaiah Likely,BAL,290.5,TE33,0.0,-1.2412946245098182,,318,"Round 27, Pick 8"
319,326,Chris Boswell,PIT,291.0,K22,1.6666666666666667,0.6610548220048047,,319,"Round 27, Pick 9"
320,327,Malik Willis,TEN,292.0,QB38,2.25,1.3268771282849225,49,320,"Round 27, Pick 10"
321,328,Antonio Brown,,294.0,WR108,0.0,-1.2412946245098182,,321,"Round 27, Pick 11"
322,329,Cam Sims,WAS,295.0,WR109,0.0,-1.2412946245098182,,322,"Round 27, Pick 12"
323,330,Jaelon Darden,TB,297.0,WR110,0.0,-1.2412946245098182,,323,"Round 28, Pick 1"
324,331,Geno Smith,SEA,298.0,QB39,0.0,-1.2412946245098182,,324,"Round 28, Pick 2"
325,294,Bryan Edwards,ATL,299.0,WR100,2.142857142857143,1.2045832352946968,,325,"Round 28, Pick 3"
326,332,N'Keal Harry,CHI,299.0,WR111,0.0,-1.2412946245098182,,326,"Round 28, Pick 4"
327,333,Graham Gano,NYG,300.0,K23,0.0,-0.9215385557704027,,327,"Round 28, Pick 5"
328,334,Jody Fortson,KC,301.0,WR112,0.0,-1.2412946245098182,,328,"Round 28, Pick 6"
329,335,Khalil Shakir,BUF,302.0,WR113,0.5555555555555556,0.02395070014189029,,329,"Round 28, Pick 7"
330,305,Jake Elliott,PHI,302.5,K19,0.721830985915493,0.5258503826932973,59,330,"Round 28, Pick 8"
331,303,Nick Westbrook-Ikhine,TEN,304.0,WR103,1.8421052631578947,0.8613021321642386,,331,"Round 28, Pick 9"
332,336,Jake Kumerow,BUF,304.0,WR114,0.0,-1.2412946245098182,,332,"Round 28, Pick 10"
333,337,Emmanuel Sanders,,306.0,WR115,2.0454545454545454,1.0934069689399462,,333,"Round 28, Pick 11"
334,338,Jake Funk,LAR,307.0,RB93,0.0,-1.6529847097945753,,334,"Round 28, Pick 12"
335,292,John Metchie,III,309.0,WR98,1.55,1.0097805202577004,,335,"Round 29, Pick 1"
336,339,Marquise Goodwin,SEA,309.0,WR116,1.6818181818181819,0.6783489078822104,,336,"Round 29, Pick 2"
337,315,Chicago Bears,DST,310.0,DST29,1.09375,1.6484818785178412,,337,"Round 29, Pick 3"
338,322,Wayne Gallman Jr.,,310.5,RB90,0.4482758620689655,-0.2998713100527376,,338,"Round 29, Pick 4"
339,340,Cole Beasley,,311.0,WR117,0.9390243902439024,-0.1694831070832869,,339,"Round 29, Pick 5"
340,341,Devontae Booker,,313.0,RB94,0.5621621621621622,0.04389263474654017,,340,"Round 29, Pick 6"
341,342,Tyler Conklin,NYJ,314.0,TE41,1.2622950819672132,0.651296651571363,,341,"Round 29, Pick 7"
342,343,Jaret Patterson,WAS,316.0,RB95,0.5897435897435898,0.12714672536874969,,342,"Round 29, Pick 8"
343,344,Nelson Agholor,NE,317.0,WR118,1.65,0.6420313275396583,,343,"Round 29, Pick 9"
344,319,Jaylen Warren,PIT,317.5,RB88,1.3396226415094339,0.2877636098585389,20,344,"Round 29, Pick 10"
345,345,Devonta Freeman,,318.0,RB96,0.6766467065868264,0.38946237033163483,,345,"Round 29, Pick 11"
346,346,T.Y. Hilton,,320.0,WR119,2.217391304347826,1.2896572478096366,,346,"Round 29, Pick 12"
347,347,Zach Pascal,PHI,321.0,WR120,1.425,0.38521415226018435,,347,"Round 30, Pick 1"
348,348,Kai Forbath,LAR,322.0,K24,0.5555555555555556,0.02395070014189029,,348,"Round 30, Pick 2"
349,349,Greg Zuerlein,NYJ,323.0,K25,0.0,-1.2412946245098182,,349,"Round 30, Pick 3"
350,350,Jordan Howard,,325.0,RB97,0.0,-0.9215385557704027,,350,"Round 30, Pick 4"
351,351,Latavius Murray,,326.0,RB98,0.7286821705426356,0.5465305720755794,,351,"Round 30, Pick 5"
352,352,Washington Commanders,DST,327.0,DST30,1.6153846153846154,0.6025209928812778,,352,"Round 30, Pick 6"
353,353,Michael Badgley,,328.0,K26,0.644808743169399,0.2933599955087324,,353,"Round 30, Pick 7"
354,354,Mason Crosby,GB,329.0,K27,0.0,-0.9215385557704027,,354,"Round 30, Pick 8"
355,355,Tre'Quan Smith,NO,334.0,WR121,1.75,0.7561722943305358,,355,"Round 30, Pick 9"
356,356,Rex Burkhead,HOU,336.0,RB99,0.5374149659863946,-0.030806374468279964,,356,"Round 30, Pick 10"
357,357,Quez Watkins,PHI,337.0,WR122,1.6590909090909092,0.6524077790661019,,357,"Round 30, Pick 11"
358,358,Giovani Bernard,TB,338.0,RB100,1.1612903225806452,1.852351243879069,,358,"Round 30, Pick 12"
359,359,Dan Arnold,JAC,339.0,TE42,1.1714285714285715,0.5380758611356292,,359,"Round 31, Pick 1"
360,360,Kalif Raymond,DET,340.0,WR123,1.6153846153846154,0.6025209928812778,,360,"Round 31, Pick 2"
361,361,Brandon Bolden,LV,342.0,RB101,0.9764705882352941,1.294475881317283,,361,"Round 31, Pick 3"
362,362,Jared Cook,,343.0,TE43,1.75,1.2589829816806817,,362,"Round 31, Pick 4"
363,363,Randy Bullock,TEN,344.0,K28,0.0,-1.2412946245098182,,363,"Round 31, Pick 5"
364,364,Braxton Berrios,NYJ,346.0,WR124,1.4150943396226414,0.3739077357384463,,364,"Round 31, Pick 6"
365,365,Tevin Coleman,NYJ,349.0,RB102,0.43157894736842106,-0.3502706755491947,,365,"Round 31, Pick 7"
366,366,Breshad Perriman,TB,350.0,WR125,0.928,1.1481681989632968,,366,"Round 31, Pick 8"
367,367,Ty Johnson,NYJ,352.0,RB103,0.8736842105263158,0.9842168717265611,,367,"Round 31, Pick 9"
368,368,Sam Darnold,CAR,353.0,QB40,0.0,,,368,"Round 31, Pick 10"
369,369,Deonte Harty,NO,355.0,WR126,1.8780487804878048,0.9023284103432445,,369,"Round 31, Pick 11"
370,370,Roberto Aguayo,,356.0,K29,1.7358490566037736,0.7400202707280532,,370,"Round 31, Pick 12"
371,371,Lirim Hajrullahu,,357.0,K30,0.5842696629213483,0.11062376627343783,,371,"Round 32, Pick 1"
372,372,Dyami Brown,WAS,359.0,WR127,0.0,-1.2412946245098182,,372,"Round 32, Pick 2"
373,373,Kene Nwangwu,MIN,360.0,RB104,0.0,-1.6529847097945753,,373,"Round 32, Pick 3"
374,374,Blaine Gabbert,TB,361.0,QB41,0.0,-1.2412946245098182,,374,"Round 32, Pick 4"
375,375,Dee Eskridge,SEA,362.0,WR128,0.0,-1.2412946245098182,,375,"Round 32, Pick 5"
376,376,Tyrod Taylor,NYG,363.0,QB42,0.6,0.1581055329368074,,376,"Round 32, Pick 6"
377,377,Zane Gonzalez,CAR,364.0,K31,0.6607142857142857,0.34137061702272115,,377,"Round 32, Pick 7"
378,378,Jason Myers,SEA,365.0,K32,1.2261904761904763,0.15829103971165437,,378,"Round 32, Pick 8"
379,379,Jordan Love,GB,366.0,QB43,0.0,-1.2412946245098182,,379,"Round 32, Pick 9"
380,380,Pharaoh Brown,HOU,368.0,TE44,0.6521739130434783,-0.10892183373894272,,380,"Round 32, Pick 10"
381,381,Jonathan Garibay,,373.0,K33,0.0,-1.6529847097945753,,381,"Round 32, Pick 11"
