,Rk,Player,Tm,FantPos,Age,Games_G,Games_GS,Passing_Cmp,Passing_Att,Passing_Yds,Passing_TD,Passing_Int,Rushing_Att,Rushing_Yds,Rushing_Y/A,Rushing_TD,Receiving_Tgt,Receiving_Rec,Receiving_Yds,Receiving_Y/R,Receiving_TD,Fumbles_Fmb,Fumbles_FL,Scoring_TD,Scoring_2PM,Scoring_2PP,Fantasy_FantPt,Fantasy_PPR,Fantasy_DKPt,Fantasy_FDPt,Fantasy_VBD,Fantasy_PosRank,Fantasy_OvRank,Touches,FantPt/Touch
0,1,Jonathan Taylor,IND,RB,22,17,17,0,0,0,0,0,332,1811,5.45,18,51,40,360,9.00,2,4,2,20,,,333,373.1,381.1,353.1,187,1,1,372.0,0.8951612903225806
1,2,Cooper Kupp,LAR,WR,28,17,17,0,1,0,0,0,4,18,4.50,0,191,145,1947,13.43,16,0,0,16,1,,295,439.5,442.5,367.0,173,1,2,149.0,1.9798657718120805
2,3,Deebo Samuel,SFO,WR,25,16,15,1,2,24,1,0,59,365,6.19,8,121,77,1405,18.25,6,4,2,14,,,262,339.0,347.0,300.5,140,2,3,136.0,1.9264705882352942
3,4,Josh Allen,BUF,QB,25,17,17,409,646,4407,36,15,122,763,6.25,6,0,0,0,,0,8,3,6,2,1,403,402.6,426.6,417.6,134,1,4,122.0,0.0
4,5,Austin Ekeler,LAC,RB,26,16,16,0,0,0,0,0,206,911,4.42,12,94,70,647,9.24,8,4,3,20,2,,274,343.8,352.8,308.8,128,2,5,276.0,0.9927536231884058
5,6,Justin Herbert,LAC,QB,23,17,17,443,672,5014,38,15,63,302,4.79,3,0,0,0,,0,1,1,3,1,5,381,380.8,402.8,395.8,112,2,6,63.0,0.0
6,7,Tom Brady,TAM,QB,44,17,17,485,719,5316,43,12,28,81,2.89,2,0,0,0,,0,4,3,2,,,375,374.7,392.7,386.7,106,3,7,28.0,0.0
7,8,Mark Andrews,BAL,TE,26,17,9,0,0,0,0,0,1,0,0.00,0,153,107,1361,12.72,9,1,0,9,2,,194,301.1,304.1,247.6,102,1,8,108.0,1.7962962962962963
8,9,Ja'Marr Chase,CIN,WR,21,17,17,0,0,0,0,0,7,21,3.00,0,128,81,1455,17.96,13,2,1,13,,,224,304.6,308.6,264.1,102,3,9,88.0,2.5454545454545454
9,10,Justin Jefferson,MIN,WR,22,17,17,2,4,35,0,0,6,14,2.33,0,167,108,1616,14.96,10,1,1,10,,,222,330.4,334.4,276.4,101,4,10,114.0,1.9473684210526316
10,11,Joe Mixon,CIN,RB,25,16,16,0,0,0,0,0,292,1205,4.13,13,48,42,314,7.48,3,2,1,16,,,246,287.9,294.9,266.9,100,3,11,334.0,0.7365269461077845
11,12,Davante Adams,GNB,WR,29,16,16,0,0,0,0,0,0,0,,0,169,123,1553,12.63,11,0,0,11,,,221,344.3,347.3,282.8,100,5,12,123.0,1.7967479674796747
12,13,Patrick Mahomes,KAN,QB,26,17,17,436,658,4839,37,13,66,381,5.77,2,0,0,0,,0,9,4,2,1,1,362,361.7,384.7,374.7,93,4,13,66.0,0.0
13,14,Najee Harris,PIT,RB,23,17,17,0,0,0,0,0,307,1200,3.91,7,94,74,467,6.31,3,0,0,10,,,227,300.7,306.7,263.7,81,4,14,381.0,0.5958005249343832
14,15,Travis Kelce,KAN,TE,32,16,16,0,0,0,0,0,2,3,1.50,1,134,92,1125,12.23,9,1,1,10,,,171,262.8,266.8,216.8,79,2,15,94.0,1.8191489361702127
15,16,James Conner,ARI,RB,26,15,6,0,0,0,0,0,202,752,3.72,15,39,37,375,10.14,3,2,0,18,,,221,257.7,263.7,239.2,75,5,16,239.0,0.9246861924686193
16,17,Mike Evans,TAM,WR,28,16,16,0,0,0,0,0,1,10,10.00,0,114,74,1035,13.99,14,0,0,14,,,189,262.5,265.5,225.5,67,6,17,75.0,2.52
17,18,Aaron Rodgers,GNB,QB,38,16,16,366,531,4115,37,4,33,101,3.06,3,1,1,-4,-4.00,0,3,0,3,,,332,333.3,343.3,336.8,64,5,18,34.0,0.0
18,19,Tyreek Hill,KAN,WR,27,17,16,0,0,0,0,0,9,96,10.67,0,159,111,1239,11.16,9,2,1,9,,,186,296.5,300.5,241.0,64,7,19,120.0,1.55
19,20,Matthew Stafford,LAR,QB,33,17,17,404,601,4886,41,17,32,43,1.34,0,0,0,0,,0,5,2,0,,2,330,329.7,351.7,346.7,61,6,20,32.0,0.0
20,21,Stefon Diggs,BUF,WR,28,17,17,0,0,0,0,0,0,0,,0,164,103,1225,11.89,10,1,0,10,,,183,285.5,288.5,234.0,61,8,21,103.0,1.7766990291262137
21,22,Ezekiel Elliott,DAL,RB,26,17,17,1,1,4,0,0,237,1002,4.23,10,65,47,287,6.11,2,1,1,12,3,,205,252.1,259.1,228.6,59,6,22,284.0,0.721830985915493
22,23,Dak Prescott,DAL,QB,28,16,16,410,596,4449,37,10,48,146,3.04,1,0,0,0,,0,14,6,1,1,2,321,320.6,342.6,330.6,52,7,23,48.0,0.0
23,24,Nick Chubb,CLE,RB,26,14,14,0,0,0,0,0,228,1259,5.52,8,25,20,174,8.70,1,2,1,9,,,195,215.3,222.3,205.3,49,7,24,248.0,0.7862903225806451
24,25,Mike Williams,LAC,WR,27,16,14,0,0,0,0,0,0,0,,0,129,76,1146,15.08,9,0,0,9,1,,171,246.6,249.6,208.6,49,9,25,76.0,2.25
25,26,D.K. Metcalf,SEA,WR,24,17,17,0,0,0,0,0,1,6,6.00,0,129,75,967,12.89,12,1,0,12,,,169,244.3,247.3,206.8,48,10,26,76.0,2.223684210526316
26,27,Tyler Lockett,SEA,WR,29,16,16,0,0,0,0,0,2,9,4.50,0,107,73,1175,16.10,8,0,0,8,1,,168,241.4,244.4,204.9,47,11,27,75.0,2.24
27,28,Damien Harris,NWE,RB,24,15,15,0,0,0,0,0,202,929,4.60,15,21,18,132,7.33,0,2,2,15,,,192,210.1,218.1,201.1,46,8,28,220.0,0.8727272727272727
28,29,Joe Burrow,CIN,QB,25,16,16,366,520,4611,34,14,40,118,2.95,2,0,0,0,,0,5,2,2,,1,314,314.2,336.2,328.2,46,8,29,40.0,0.0
30,30,Diontae Johnson,PIT,WR,25,16,14,0,0,0,0,0,5,53,10.60,0,169,107,1161,10.85,8,2,2,8,1,,167,274.4,279.4,220.9,46,12,30,112.0,1.4910714285714286
31,31,Jalen Hurts,PHI,QB,23,15,15,265,432,3144,16,9,139,784,5.64,10,1,0,0,,0,9,2,10,,3,312,312.2,329.2,321.2,44,9,31,139.0,0.0
32,32,Alvin Kamara,NOR,RB,26,13,10,0,0,0,0,0,240,898,3.74,4,67,47,439,9.34,5,0,0,9,,,188,234.7,240.7,211.2,42,9,32,287.0,0.6550522648083623
33,33,Antonio Gibson,WAS,RB,23,16,14,0,0,0,0,0,258,1037,4.02,7,52,42,294,7.00,3,6,4,10,1,,187,229.1,239.1,208.1,41,10,33,300.0,0.6233333333333333
34,34,Leonard Fournette,TAM,RB,26,14,13,0,1,0,0,0,180,812,4.51,8,84,69,454,6.58,2,1,0,10,,,187,255.6,261.6,221.1,41,11,34,249.0,0.751004016064257
35,35,Dalton Schultz,DAL,TE,25,17,15,0,0,0,0,0,0,0,,0,104,78,808,10.36,8,0,0,8,1,,131,208.8,211.8,169.8,39,3,35,78.0,1.6794871794871795
36,36,Cordarrelle Patterson,ATL,RB,30,16,13,0,1,0,0,0,153,618,4.04,6,69,52,548,10.54,5,2,0,11,,,183,234.6,240.6,208.6,37,12,36,205.0,0.8926829268292683
37,37,George Kittle,SFO,TE,28,14,14,0,0,0,0,0,3,20,6.67,0,94,71,910,12.82,6,2,1,6,,,127,198.0,202.0,162.5,35,4,37,74.0,1.7162162162162162
38,38,Hunter Renfrow,LVR,WR,26,17,9,0,0,0,0,0,3,3,1.00,0,128,103,1038,10.08,9,5,1,9,,,156,259.1,263.1,207.6,35,13,38,106.0,1.471698113207547
39,39,CeeDee Lamb,DAL,WR,22,16,13,0,0,0,0,0,9,76,8.44,0,120,79,1102,13.95,6,0,0,6,,,154,232.8,235.8,193.3,32,14,39,88.0,1.75
40,40,Kyler Murray,ARI,QB,24,14,14,333,481,3787,24,10,88,423,4.81,5,0,0,7,,0,13,0,5,,,300,300.5,316.5,310.5,32,10,40,88.0,0.0
41,41,Kirk Cousins,MIN,QB,33,16,16,372,561,4221,33,7,29,115,3.97,1,0,0,0,,0,12,2,1,,,300,300.3,315.3,307.3,32,11,41,29.0,0.0
42,42,Aaron Jones,GNB,RB,27,15,15,0,0,0,0,0,171,799,4.67,4,65,52,391,7.52,6,2,1,10,,,177,229.0,236.0,203.0,31,13,42,223.0,0.7937219730941704
43,43,Keenan Allen,LAC,WR,29,16,16,0,1,0,0,0,0,0,,0,157,106,1138,10.74,6,1,0,6,,1,152,257.8,260.8,204.8,30,15,43,106.0,1.4339622641509433
44,44,Derrick Henry,TEN,RB,27,8,8,1,1,5,1,0,219,937,4.28,10,20,18,154,8.56,0,1,0,10,1,,175,193.3,199.3,184.3,29,14,44,237.0,0.7383966244725738
45,45,Michael Pittman Jr.,IND,WR,24,17,17,0,0,0,0,0,5,44,8.80,0,129,88,1082,12.30,6,1,0,6,1,,151,238.6,241.6,194.6,29,16,45,93.0,1.6236559139784945
46,46,Dalvin Cook,MIN,RB,26,13,13,0,0,0,0,0,249,1159,4.65,6,49,34,224,6.59,0,3,2,6,1,,172,206.3,214.3,189.3,26,15,46,283.0,0.607773851590106
47,47,Josh Jacobs,LVR,RB,23,15,14,0,0,0,0,0,217,872,4.02,9,64,54,348,6.44,0,2,2,9,,,172,226.0,234.0,199.0,26,16,47,271.0,0.6346863468634686
48,48,Rob Gronkowski,TAM,TE,32,12,12,0,0,0,0,0,0,0,,0,89,55,802,14.58,6,0,0,6,,,116,171.2,174.2,143.7,25,5,48,55.0,2.109090909090909
49,49,Tee Higgins,CIN,WR,22,14,14,0,0,0,0,0,0,0,,0,110,74,1091,14.74,6,1,1,6,1,,145,219.1,223.1,182.1,24,17,49,74.0,1.9594594594594594
50,50,Dawson Knox,BUF,TE,25,15,14,0,0,0,0,0,0,4,,0,71,49,587,11.98,9,0,0,9,,1,115,164.1,167.1,139.6,23,6,50,49.0,2.3469387755102042
51,51,D.J. Moore,CAR,WR,24,17,17,0,0,0,0,0,8,48,6.00,0,163,93,1157,12.44,4,1,1,4,1,,145,237.5,241.5,191.0,23,18,51,101.0,1.4356435643564356
52,52,Chris Godwin,TAM,WR,25,14,14,0,0,0,0,0,4,21,5.25,1,127,98,1103,11.26,5,2,2,6,,,144,242.4,247.4,193.4,23,19,52,102.0,1.411764705882353
53,53,Hunter Henry,NWE,TE,27,17,10,0,0,0,0,0,0,0,,0,75,50,603,12.06,9,0,0,9,,,114,164.3,167.3,139.3,23,7,53,50.0,2.28
54,54,Melvin Gordon,DEN,RB,28,16,16,0,0,0,0,0,203,918,4.52,8,38,28,213,7.61,2,3,3,10,,,167,195.1,204.1,181.1,21,17,54,231.0,0.7229437229437229
55,55,Jaylen Waddle,MIA,WR,23,16,16,0,0,0,0,0,2,3,1.50,1,140,104,1015,9.76,6,2,1,7,,,142,245.8,249.8,193.8,20,21,55,106.0,1.3396226415094339
56,56,Brandin Cooks,HOU,WR,28,16,16,0,0,0,0,0,2,21,10.50,0,134,90,1037,11.52,6,0,0,6,,,142,231.8,234.8,186.8,20,20,56,92.0,1.5434782608695652
57,57,Dallas Goedert,PHI,TE,26,15,14,0,0,0,0,0,0,0,,0,76,56,830,14.82,4,1,0,4,1,,109,165.0,168.0,137.0,17,8,57,56.0,1.9464285714285714
58,58,Darnell Mooney,CHI,WR,24,17,14,0,0,0,0,0,6,32,5.33,1,140,81,1055,13.02,4,0,0,5,,,139,219.7,222.7,179.2,17,22,58,87.0,1.5977011494252873
59,59,Kyle Pitts,ATL,TE,21,17,15,0,0,0,0,0,0,0,,0,110,68,1026,15.09,1,0,0,1,,,109,176.6,179.6,142.6,17,9,59,68.0,1.6029411764705883
61,60,Javonte Williams,DEN,RB,21,17,1,0,0,0,0,0,203,903,4.45,4,53,43,316,7.35,3,2,1,7,,,162,204.9,211.9,183.4,16,18,60,246.0,0.6585365853658537
62,61,Amon-Ra St. Brown,DET,WR,22,17,9,0,0,0,0,0,7,61,8.71,1,119,90,912,10.13,5,0,0,6,2,,137,227.3,230.3,182.3,16,23,61,97.0,1.4123711340206186
63,62,Zach Ertz,2TM,TE,31,17,14,0,0,0,0,0,1,4,4.00,0,112,74,763,10.31,5,0,0,5,,,107,180.7,183.7,143.7,15,10,62,75.0,1.4266666666666667
64,63,Terry McLaurin,WAS,WR,26,17,17,0,0,0,0,0,1,12,12.00,0,130,77,1053,13.68,5,0,0,5,,,137,213.5,216.5,175.0,15,24,63,78.0,1.7564102564102564
65,64,Marquise Brown,BAL,WR,24,16,16,0,0,0,0,0,1,5,5.00,0,146,91,1008,11.08,6,3,1,6,,,135,226.3,230.3,180.8,14,25,64,92.0,1.4673913043478262
66,65,Amari Cooper,DAL,WR,27,15,14,0,0,0,0,0,0,0,,0,104,68,865,12.72,8,1,0,8,,,135,202.5,205.5,168.5,13,26,65,68.0,1.9852941176470589
67,66,Devin Singletary,BUF,RB,24,17,16,0,0,0,0,0,188,870,4.63,7,50,40,228,5.70,1,5,0,8,,,158,197.8,203.8,177.8,12,19,66,228.0,0.6929824561403509
68,67,Adam Thielen,MIN,WR,31,13,13,0,0,0,0,0,1,2,2.00,0,95,67,726,10.84,10,1,0,10,,,133,199.8,202.8,166.3,11,27,67,68.0,1.9558823529411764
69,68,Christian Kirk,ARI,WR,25,17,11,1,1,33,0,0,1,11,11.00,0,103,77,982,12.75,5,0,0,5,,,131,207.6,210.6,169.1,9,28,68,78.0,1.6794871794871795
70,69,David Montgomery,CHI,RB,24,13,13,0,1,0,0,1,225,849,3.77,7,51,42,301,7.17,0,1,1,7,,,153,195.0,203.0,175.0,7,20,69,267.0,0.5730337078651685
71,70,AJ Dillon,GNB,RB,23,17,2,0,0,0,0,0,187,803,4.29,5,37,34,313,9.21,2,2,1,7,,,152,185.6,192.6,168.6,6,21,70,221.0,0.6877828054298643
72,71,Kendrick Bourne,NWE,WR,26,17,5,1,1,25,1,0,12,125,10.42,0,70,55,800,14.55,5,1,1,5,,,126,180.5,187.5,153.0,4,29,71,67.0,1.8805970149253732
73,72,Darrel Williams,KAN,RB,26,17,7,0,0,0,0,0,144,558,3.88,6,57,47,452,9.62,2,0,0,8,,,149,196.0,202.0,172.5,3,22,72,191.0,0.7801047120418848
74,73,D'Andre Swift,DET,RB,22,13,4,0,1,0,0,0,151,617,4.09,5,78,62,452,7.29,2,2,1,7,,,147,208.9,215.9,177.9,1,23,73,213.0,0.6901408450704225
75,74,Mike Gesicki,MIA,TE,26,17,9,0,1,0,0,0,0,0,,0,112,73,780,10.68,2,0,0,2,1,,92,165.0,168.0,128.5,,11,74,73.0,1.2602739726027397
77,76,Elijah Mitchell,SFO,RB,23,11,10,0,0,0,0,0,207,963,4.65,5,20,19,137,7.21,1,0,0,6,,,146,165.0,171.0,155.5,,24,76,226.0,0.6460176991150443
78,77,Tory Carter,TEN,,22,8,2,0,0,0,0,0,0,0,,0,0,0,0,,0,0,0,0,,,,,,,,1,77,0.0,0.0
79,78,Ryan Tannehill,TEN,QB,33,17,17,357,531,3734,21,14,55,270,4.91,7,0,0,0,,0,10,4,7,,1,268,268.4,292.4,282.4,,12,78,55.0,0.0
80,79,Carson Wentz,IND,QB,29,17,17,322,516,3563,27,7,57,215,3.77,1,0,0,0,,0,8,5,1,,2,258,258.0,276.0,265.0,,13,,57.0,0.0
81,80,Derek Carr,LVR,QB,30,17,17,428,626,4804,23,14,40,108,2.70,0,0,0,0,,0,13,5,0,,,257,257.0,282.0,271.0,,14,,40.0,0.0
82,81,Russell Wilson,SEA,QB,33,14,14,259,400,3113,25,6,43,183,4.26,2,0,0,0,,0,6,1,2,,1,243,242.8,255.8,248.8,,15,,43.0,0.0
83,82,Lamar Jackson,BAL,QB,24,12,12,246,382,2882,16,13,133,767,5.77,2,0,0,0,,0,6,3,2,,2,240,240.0,262.0,253.0,,16,,133.0,0.0
84,83,Jimmy Garoppolo,SFO,QB,30,15,15,301,441,3810,20,12,38,51,1.34,3,0,0,0,,0,8,3,3,,1,228,227.5,245.5,239.5,,17,,38.0,0.0
85,84,Mac Jones,NWE,QB,23,17,17,352,521,3801,22,13,44,129,2.93,0,0,0,0,,0,7,3,0,,2,225,224.9,246.9,237.9,,18,,44.0,0.0
86,85,Matt Ryan,ATL,QB,36,17,17,375,560,3968,20,12,40,82,2.05,1,0,0,0,,0,11,4,1,1,,223,222.9,241.9,234.9,,19,,40.0,0.0
87,86,Taylor Heinicke,WAS,QB,28,16,15,321,494,3419,20,15,60,313,5.22,1,1,1,-2,-2.00,0,7,2,1,1,,222,222.9,245.9,237.4,,20,,61.0,0.0
88,87,Ben Roethlisberger,PIT,QB,39,16,16,390,605,3740,22,10,20,5,0.25,1,0,0,0,,0,11,5,1,,2,218,218.1,236.1,228.1,,21,,20.0,0.0
89,88,Teddy Bridgewater,DEN,QB,29,14,14,285,426,3052,18,7,30,106,3.53,2,0,0,0,,0,1,1,2,,1,203,202.7,216.7,209.7,,22,,30.0,0.0
90,89,Trevor Lawrence,JAX,QB,22,17,17,359,602,3641,12,17,73,334,4.58,2,0,0,0,,0,9,5,2,,2,199,199.0,227.0,216.0,,23,,73.0,0.0
92,90,Jared Goff,DET,QB,27,14,14,332,494,3245,19,8,17,87,5.12,0,0,0,0,,0,9,6,0,,4,195,194.5,211.5,202.5,,24,,17.0,0.0
93,91,Baker Mayfield,CLE,QB,26,14,14,253,418,3010,17,13,37,134,3.62,1,0,0,11,,0,6,3,1,,2,181,180.9,202.9,193.9,,26,,37.0,0.0
94,92,Tua Tagovailoa,MIA,QB,23,13,12,263,388,2653,16,10,42,128,3.05,3,0,0,0,,0,9,1,3,,1,181,180.9,197.9,190.9,,25,,42.0,0.0
95,93,Daniel Jones,NYG,QB,24,11,11,232,361,2428,10,7,62,298,4.81,2,1,1,16,16.00,0,7,3,2,2,1,167,167.5,183.5,174.0,,27,,63.0,0.0
96,94,Sam Darnold,CAR,QB,24,12,11,243,406,2527,9,13,48,222,4.63,5,0,0,0,,0,9,4,5,,1,157,157.3,180.3,170.3,,28,,48.0,0.0
97,95,Davis Mills,HOU,QB,23,13,11,263,394,2664,16,10,18,44,2.44,0,0,0,0,,0,5,1,0,1,1,157,157.0,171.0,167.0,,29,,18.0,0.0
98,96,Zach Wilson,NYJ,QB,22,13,13,213,383,2334,9,11,29,185,6.38,4,1,0,0,,0,5,1,4,1,1,152,151.9,169.9,162.9,,30,,29.0,0.0
99,97,James Robinson,JAX,RB,23,14,13,0,0,0,0,0,164,767,4.68,8,46,31,222,7.16,0,4,2,8,,,143,173.9,181.9,158.4,,25,,195.0,0.7333333333333333
100,98,Darrell Henderson,LAR,RB,24,12,10,0,0,0,0,0,149,688,4.62,5,40,29,176,6.07,3,0,0,8,,,134,163.4,169.4,148.9,,26,,178.0,0.7528089887640449
101,99,Justin Fields,CHI,QB,22,12,10,159,270,1870,7,10,72,420,5.83,2,0,0,0,,0,12,5,2,,,127,126.8,147.8,136.8,,31,,72.0,0.0
102,100,Myles Gaskin,MIA,RB,24,17,10,0,0,0,0,0,173,612,3.54,3,63,49,234,4.78,4,2,1,7,,,125,173.6,180.6,149.1,,28,,222.0,0.5630630630630631
103,101,Sony Michel,LAR,RB,26,17,7,0,0,0,0,0,208,845,4.06,4,33,21,128,6.10,1,1,1,5,,,125,146.3,153.3,135.8,,27,,229.0,0.5458515283842795
104,102,Tony Pollard,DAL,RB,24,15,0,0,0,0,0,0,130,719,5.53,2,46,39,337,8.64,0,2,0,3,,,124,162.6,168.6,143.1,,29,,169.0,0.7337278106508875
105,103,DeVonta Smith,PHI,WR,23,17,16,0,0,0,0,0,0,0,,0,104,64,916,14.31,5,1,1,5,1,,122,185.6,189.6,153.6,,30,,64.0,1.90625
106,104,A.J. Brown,TEN,WR,24,13,13,0,2,0,0,0,2,10,5.00,0,105,63,869,13.79,5,0,0,5,,,118,180.9,183.9,149.4,,32,,65.0,1.8153846153846154
107,105,Michael Carter,NYJ,RB,22,14,11,0,0,0,0,0,147,639,4.35,4,55,36,325,9.03,0,1,1,4,,,118,154.4,161.4,136.4,,30,,183.0,0.644808743169399
108,106,Taysom Hill,NOR,QB,31,12,9,78,134,978,4,5,70,374,5.34,5,6,4,52,13.00,0,2,0,5,,,118,121.7,132.7,124.7,,32,,74.0,0.0
109,107,Van Jefferson,LAR,WR,25,17,17,0,0,0,0,0,2,20,10.00,0,89,50,802,16.04,6,0,0,6,,,118,168.2,171.2,143.2,,31,,52.0,2.269230769230769
110,108,Tyler Boyd,CIN,WR,27,16,10,1,1,46,0,0,2,22,11.00,0,94,67,828,12.36,5,1,0,5,,,117,183.8,186.8,150.3,,33,,69.0,1.6956521739130435
112,110,Rashaad Penny,SEA,RB,25,10,6,0,0,0,0,0,119,749,6.29,6,8,6,48,8.00,0,0,0,6,,,116,121.7,124.7,118.7,,31,,125.0,0.928
113,111,Brandon Aiyuk,SFO,WR,23,17,16,0,0,0,0,0,5,17,3.40,0,84,56,826,14.75,5,2,1,5,1,,114,170.3,174.3,142.3,,34,,61.0,1.8688524590163935
114,112,Devonta Freeman,BAL,RB,29,16,8,0,0,0,0,0,133,576,4.33,5,42,34,190,5.59,1,0,0,6,,,113,146.6,152.6,129.6,,32,,167.0,0.6766467065868264
115,113,Chuba Hubbard,CAR,RB,22,17,10,0,0,0,0,0,172,612,3.56,5,37,25,174,6.96,1,1,1,6,,,113,137.6,144.6,125.1,,33,,197.0,0.5736040609137056
116,114,K.J. Osborn,MIN,WR,24,17,9,0,0,0,0,0,1,10,10.00,0,82,50,655,13.10,7,0,0,7,,,109,158.5,161.5,133.5,,35,,51.0,2.1372549019607843
117,115,Saquon Barkley,NYG,RB,24,13,13,0,0,0,0,0,162,593,3.66,2,57,41,263,6.41,2,2,1,4,,,108,148.6,155.6,128.1,,34,,203.0,0.5320197044334976
118,116,Chase Claypool,PIT,WR,23,15,13,0,0,0,0,0,14,96,6.86,0,105,59,860,14.58,2,0,0,2,,,108,166.6,169.6,137.1,,36,,73.0,1.4794520547945205
119,117,Marvin Jones,JAX,WR,31,17,16,0,0,0,0,0,0,0,,0,120,73,832,11.40,4,0,0,4,,,107,180.2,183.2,143.7,,37,,73.0,1.4657534246575343
120,118,Marquez Callaway,NOR,WR,23,17,11,0,0,0,0,0,0,0,,0,84,46,698,15.17,6,0,0,6,,,106,151.8,154.8,128.8,,38,,46.0,2.3043478260869565
121,119,DeAndre Hopkins,ARI,WR,29,10,10,0,0,0,0,0,0,0,,0,64,42,572,13.62,8,0,0,8,,,105,147.2,150.2,126.2,,39,,42.0,2.5
123,120,Devontae Booker,NYG,RB,29,16,4,0,0,0,0,0,145,593,4.09,2,45,40,268,6.70,1,0,0,3,,,104,144.1,150.1,124.1,,35,,185.0,0.5621621621621622
124,121,A.J. Green,ARI,WR,33,16,9,0,0,0,0,0,0,0,,0,92,54,848,15.70,3,0,0,3,,,103,156.8,159.8,129.8,,43,,54.0,1.9074074074074074
125,122,Allen Lazard,GNB,WR,26,15,13,0,0,0,0,0,3,32,10.67,0,60,40,513,12.83,8,0,0,8,,,103,142.5,145.5,122.5,,44,,43.0,2.395348837209302
126,123,Jakobi Meyers,NWE,WR,25,17,16,2,2,45,0,0,1,9,9.00,0,126,83,866,10.43,2,1,1,2,2,,103,186.3,190.3,144.8,,41,,84.0,1.2261904761904763
127,124,Tim Patrick,DEN,WR,28,16,16,0,0,0,0,0,0,0,,0,85,53,734,13.85,5,0,0,5,,,103,156.4,159.4,129.9,,40,,53.0,1.9433962264150944
128,125,Cedrick Wilson Jr.,DAL,WR,26,16,4,3,3,88,0,0,2,11,5.50,0,61,45,602,13.38,6,3,0,6,1,,103,147.8,150.8,125.3,,42,,47.0,2.1914893617021276
129,126,Rhamondre Stevenson,NWE,RB,23,12,2,0,0,0,0,0,133,606,4.56,5,18,14,123,8.79,0,2,1,5,,,101,114.9,121.9,107.9,,36,,147.0,0.6870748299319728
130,127,Chase Edmonds,ARI,RB,25,12,11,0,0,0,0,0,116,592,5.10,2,53,43,311,7.23,0,1,1,2,,,100,143.3,150.3,121.8,,37,,159.0,0.6289308176100629
131,128,Clyde Edwards-Helaire,KAN,RB,22,10,10,0,0,0,0,0,119,517,4.34,4,23,19,129,6.79,2,2,2,6,1,,99,117.6,125.6,108.1,,38,,138.0,0.717391304347826
132,129,Russell Gage,ATL,WR,25,14,9,0,0,0,0,0,0,0,,0,94,66,770,11.67,4,2,2,4,,,97,163.0,168.0,130.0,,45,,66.0,1.4696969696969697
133,130,Elijah Moore,NYJ,WR,21,11,6,0,0,0,0,0,5,54,10.80,1,77,43,538,12.51,5,0,0,6,,,95,138.2,141.2,116.7,,46,,48.0,1.9791666666666667
134,131,Mike Davis,ATL,RB,28,17,8,0,0,0,0,0,138,503,3.64,3,58,44,259,5.89,1,4,3,4,,,94,138.2,147.2,116.2,,39,,182.0,0.5164835164835165
135,132,Alexander Mattison,MIN,RB,23,16,4,0,0,0,0,0,134,491,3.66,3,39,32,228,7.13,1,1,1,4,,,94,125.9,132.9,109.9,,40,,166.0,0.5662650602409639
136,133,Latavius Murray,BAL,RB,31,14,6,0,0,0,0,0,119,501,4.21,6,13,10,75,7.50,0,0,0,6,,,94,103.6,106.6,98.6,,42,,129.0,0.7286821705426356
137,134,Jamaal Williams,DET,RB,26,13,11,0,0,0,0,0,153,601,3.93,3,28,26,157,6.04,0,1,0,3,,,94,119.8,125.8,106.8,,41,,179.0,0.5251396648044693
138,135,Pat Freiermuth,PIT,TE,23,16,9,0,0,0,0,0,0,0,,0,79,60,497,8.28,7,1,1,7,1,,92,151.7,155.7,121.7,,12,,60.0,1.5333333333333334
139,136,Courtland Sutton,DEN,WR,26,17,16,1,1,16,0,0,0,0,,0,98,58,776,13.38,2,0,0,2,1,,92,150.2,153.2,121.2,,47,,58.0,1.5862068965517242
140,137,Robert Woods,LAR,WR,29,9,9,0,0,0,0,0,8,46,5.75,1,69,45,556,12.36,4,0,0,5,1,,92,137.2,140.2,114.7,,48,,53.0,1.7358490566037736
141,138,Gabriel Davis,BUF,WR,22,16,4,0,0,0,0,0,0,0,,0,63,35,549,15.69,6,0,0,6,,,91,125.9,128.9,108.4,,49,,35.0,2.6
142,139,Noah Fant,DEN,TE,24,16,16,0,0,0,0,0,0,0,,0,90,68,670,9.85,4,0,0,4,,,91,159.0,162.0,125.0,,13,,68.0,1.338235294117647
144,141,Miles Sanders,PHI,RB,24,12,12,0,0,0,0,0,137,754,5.50,0,34,26,158,6.08,0,1,1,0,1,,91,117.2,124.2,104.2,,43,,163.0,0.558282208588957
145,142,Kenneth Gainwell,PHI,RB,22,16,1,0,0,0,0,0,68,291,4.28,5,50,33,253,7.67,1,2,1,6,1,,90,123.4,130.4,106.9,,45,,101.0,0.8910891089108911
146,143,Emmanuel Sanders,BUF,WR,34,14,13,0,0,0,0,0,2,31,15.50,0,72,42,626,14.90,4,0,0,4,,,90,131.7,134.7,110.7,,50,,44.0,2.0454545454545454
148,145,Kareem Hunt,CLE,RB,26,8,1,0,0,0,0,0,78,386,4.95,5,27,22,174,7.91,0,0,0,5,1,,88,110.0,116.0,99.0,,46,,100.0,0.88
149,146,Robby Anderson,CAR,WR,28,17,16,0,0,0,0,0,3,36,12.00,0,110,53,519,9.79,5,0,0,5,,,86,138.5,141.5,112.0,,51,,56.0,1.5357142857142858
150,147,Tyler Higbee,LAR,TE,28,15,15,0,0,0,0,0,0,0,,0,85,61,560,9.18,5,1,0,5,,,86,147.0,150.0,116.5,,14,,61.0,1.4098360655737705
151,148,Cam Newton,CAR,QB,32,8,5,69,126,684,4,5,47,230,4.89,5,0,0,0,,0,4,1,5,,1,86,86.4,98.4,91.4,,35,,47.0,0.0
152,149,Boston Scott,PHI,RB,26,16,4,0,0,0,0,0,87,373,4.29,7,16,13,83,6.38,0,1,1,7,,,86,98.6,102.6,92.1,,47,,100.0,0.86
154,150,Odell Beckham Jr.,2TM,WR,29,14,13,0,0,0,0,0,2,14,7.00,0,82,44,537,12.20,5,0,0,5,,,85,129.1,132.1,107.1,,52,,46.0,1.8478260869565217
155,151,D'Onta Foreman,TEN,RB,25,9,3,0,0,0,0,0,133,566,4.26,3,11,9,123,13.67,0,2,1,3,,,85,93.9,100.9,89.4,,49,,142.0,0.5985915492957746
156,152,D'Ernest Johnson,CLE,RB,25,17,2,0,0,0,0,0,100,534,5.34,3,25,19,137,7.21,0,1,0,3,,,85,104.1,110.1,94.6,,48,,119.0,0.7142857142857143
157,153,J.D. McKissic,WAS,RB,28,11,3,0,0,0,0,0,48,212,4.42,2,53,43,397,9.23,2,0,0,4,,,85,127.9,133.9,106.4,,50,,91.0,0.9340659340659341
158,154,Byron Pringle,KAN,WR,28,17,5,0,0,0,0,0,0,0,,0,60,42,568,13.52,5,2,1,5,,,85,126.8,130.8,105.8,,53,,42.0,2.0238095238095237
159,155,Jared Cook,LAC,TE,34,16,10,0,0,0,0,0,0,0,,0,83,48,564,11.75,4,0,0,4,2,,84,132.4,135.4,108.4,,15,,48.0,1.75
160,156,Andy Dalton,CHI,QB,34,8,6,149,236,1515,8,9,16,76,4.75,0,0,0,0,,0,1,1,0,,2,84,84.2,97.2,93.2,,36,,16.0,0.0
161,157,T.J. Hockenson,DET,TE,24,12,12,0,0,0,0,0,0,0,,0,84,61,583,9.56,4,0,0,4,1,,84,145.3,148.3,114.8,,16,,61.0,1.3770491803278688
162,158,Kalif Raymond,DET,WR,27,16,14,0,0,0,0,0,4,28,7.00,0,71,48,576,12.00,4,0,0,4,,,84,132.4,135.4,108.4,,54,,52.0,1.6153846153846154
163,159,Brandon Bolden,NWE,RB,31,17,1,0,0,0,0,0,44,226,5.14,1,49,41,405,9.88,2,1,0,3,1,,83,124.1,130.1,103.6,,51,,85.0,0.9764705882352941
165,161,Ty Johnson,NYJ,RB,24,16,3,0,0,0,0,0,61,238,3.90,2,55,34,372,10.94,2,2,1,4,,,83,117.0,124.0,100.0,,52,,95.0,0.8736842105263158
166,162,Mecole Hardman,KAN,WR,23,17,8,0,0,0,0,0,8,46,5.75,0,83,59,693,11.75,2,3,2,2,,,82,140.9,145.9,111.4,,55,,67.0,1.2238805970149254
167,163,Mark Ingram,2TM,RB,32,14,10,0,0,0,0,0,160,554,3.46,2,35,27,162,6.00,0,1,1,2,,,82,108.6,115.6,95.1,,54,,187.0,0.4385026737967914
168,164,Zack Moss,BUF,RB,24,13,0,0,0,0,0,0,96,345,3.59,4,32,23,197,8.57,1,2,1,5,,,82,105.2,112.2,93.7,,53,,119.0,0.6890756302521008
170,166,Jarvis Landry,CLE,WR,29,12,12,0,0,0,0,0,6,40,6.67,2,87,52,570,10.96,2,3,2,4,,,81,133.0,138.0,107.0,,56,,58.0,1.396551724137931
172,168,Rex Burkhead,HOU,RB,31,16,5,0,1,0,0,0,122,427,3.50,3,32,25,186,7.44,0,1,0,3,,,79,104.3,110.3,91.8,,55,,147.0,0.5374149659863946
173,169,C.J. Uzomah,CIN,TE,28,16,16,0,0,0,0,0,0,0,,0,63,49,493,10.06,5,0,0,5,,,79,128.3,131.3,103.8,,17,,49.0,1.6122448979591837
174,170,Darren Waller,LVR,TE,29,11,11,0,0,0,0,0,0,0,,0,93,55,665,12.09,2,0,0,2,,,79,133.5,136.5,106.0,,18,,55.0,1.4363636363636363
175,171,Cole Beasley,BUF,WR,32,16,8,0,1,0,0,0,0,0,,0,112,82,693,8.45,1,1,0,1,1,,77,159.3,162.3,118.3,,58,,82.0,0.9390243902439024
176,172,Tyler Conklin,MIN,TE,26,17,15,0,0,0,0,0,0,0,,0,87,61,593,9.72,3,1,0,3,,,77,138.3,141.3,107.8,,19,,61.0,1.2622950819672132
177,173,Deonte Harris,NOR,WR,24,13,1,0,0,0,0,0,5,41,8.20,0,59,36,570,15.83,3,2,1,3,,,77,113.1,117.1,95.1,,59,,41.0,1.8780487804878048
178,174,Donovan Peoples-Jones,CLE,WR,22,14,9,0,0,0,0,0,0,0,,0,58,34,597,17.56,3,2,1,3,,,76,109.7,113.7,92.7,,60,,34.0,2.235294117647059
179,175,Braxton Berrios,NYJ,WR,26,16,1,0,0,0,0,0,7,40,5.71,2,65,46,431,9.37,2,1,1,5,,,75,121.1,125.1,98.1,,61,,53.0,1.4150943396226414
180,176,Bryan Edwards,LVR,WR,23,16,12,0,0,0,0,0,1,0,0.00,0,59,34,571,16.79,3,1,0,3,,,75,109.1,112.1,92.1,,62,,35.0,2.142857142857143
181,177,Kenyan Drake,LVR,RB,27,12,2,0,0,0,0,0,63,254,4.03,2,40,30,291,9.70,1,1,0,3,,,73,102.5,108.5,87.5,,57,,93.0,0.7849462365591398
182,178,Nyheim Hines,IND,RB,25,17,4,0,0,0,0,0,56,276,4.93,2,57,40,310,7.75,1,3,2,3,,,73,112.6,120.6,92.6,,56,,96.0,0.7604166666666666
183,179,Quez Watkins,PHI,WR,23,17,12,0,0,0,0,0,1,3,3.00,0,62,43,647,15.05,1,0,0,1,1,,73,116.0,119.0,94.5,,63,,44.0,1.6590909090909092
185,180,Jacoby Brissett,MIA,QB,29,11,5,141,225,1283,5,4,19,70,3.68,1,0,0,0,,0,6,3,1,,1,72,72.3,82.3,76.3,,39,,19.0,0.0
186,181,David Njoku,CLE,TE,25,16,11,0,0,0,0,0,1,1,1.00,0,53,36,475,13.19,4,0,0,4,,,72,107.6,110.6,89.6,,20,,37.0,1.945945945945946
187,182,Corey Davis,NYJ,WR,26,9,9,0,0,0,0,0,0,0,,0,59,34,492,14.47,4,2,1,4,,,71,105.2,109.2,88.2,,64,,34.0,2.088235294117647
188,183,Gerald Everett,SEA,TE,27,15,12,0,0,0,0,0,3,20,6.67,0,63,48,478,9.96,4,2,2,4,,,70,117.8,122.8,93.8,,21,,51.0,1.3725490196078431
189,184,Nick Westbrook-Ikhine,TEN,WR,24,16,7,0,0,0,0,0,0,0,,0,57,38,476,12.53,4,1,1,4,,,70,107.6,111.6,88.6,,65,,38.0,1.8421052631578947
190,185,Ronald Jones II,TAM,RB,24,16,3,0,0,0,0,0,101,428,4.24,4,13,10,64,6.40,0,2,2,4,,,69,79.2,84.2,74.2,,58,,111.0,0.6216216216216216
191,186,Nelson Agholor,NWE,WR,28,15,13,0,0,0,0,0,3,11,3.67,0,64,37,473,12.78,3,0,0,3,,,66,103.4,106.4,84.9,,66,,40.0,1.65
192,187,Randall Cobb,GNB,WR,31,12,3,0,0,0,0,0,1,1,1.00,0,39,28,375,13.39,5,1,1,5,,,66,93.6,97.6,79.6,,68,,29.0,2.2758620689655173
193,188,Jalen Guyton,LAC,WR,24,16,2,0,0,0,0,0,7,34,4.86,0,48,31,448,14.45,3,1,0,3,,,66,97.2,100.2,81.7,,67,,38.0,1.736842105263158
194,189,Khalil Herbert,CHI,RB,23,17,2,0,0,0,0,0,103,433,4.20,2,16,14,96,6.86,0,1,0,2,,,65,78.9,81.9,71.9,,59,,117.0,0.5555555555555556
196,191,Justin Jackson,LAC,RB,25,14,2,0,0,0,0,0,68,364,5.35,2,25,22,178,8.09,0,1,1,2,,,64,86.2,93.2,75.2,,60,,90.0,0.7111111111111111
197,192,DeVante Parker,MIA,WR,28,10,8,0,0,0,0,0,0,0,,0,73,40,515,12.88,2,0,0,2,,,64,103.5,106.5,83.5,,70,,40.0,1.6
198,193,Laviska Shenault Jr.,JAX,WR,23,16,10,0,0,0,0,0,11,41,3.73,0,100,63,619,9.83,0,1,1,0,,,64,127.0,131.0,95.5,,69,,74.0,0.8648648648648649
199,194,DeAndre Carter,WAS,WR,28,17,6,0,0,0,0,0,10,89,8.90,0,44,24,296,12.33,3,3,0,4,,,63,86.5,89.5,74.5,,71,,34.0,1.8529411764705883
200,195,Freddie Swain,SEA,WR,23,17,8,0,0,0,0,0,5,32,6.40,0,40,25,343,13.72,4,1,0,4,,,62,86.5,89.5,74.0,,72,,30.0,2.066666666666667
202,197,Cole Kmet,CHI,TE,22,17,17,0,0,0,0,0,1,0,0.00,0,93,60,612,10.20,0,0,0,0,,,61,121.2,124.2,91.2,,22,,61.0,1.0
204,199,Marquez Valdes-Scantling,GNB,WR,27,11,7,0,0,0,0,0,0,0,,0,55,26,430,16.54,3,0,0,3,,,61,87.0,90.0,74.0,,73,,26.0,2.3461538461538463
205,200,Alex Collins,SEA,RB,27,11,6,0,0,0,0,0,108,411,3.81,2,10,9,87,9.67,0,1,1,2,,,60,68.8,72.8,64.3,,62,,117.0,0.5128205128205128
206,201,Josh Palmer,LAC,WR,23,17,5,0,0,0,0,0,1,6,6.00,0,49,33,353,10.70,4,0,0,4,,,60,92.9,95.9,76.4,,75,,34.0,1.7647058823529411
207,202,Jamison Crowder,NYJ,WR,28,12,4,0,0,0,0,0,0,0,,0,71,51,447,8.76,2,1,1,2,1,1,59,109.7,113.7,84.2,,78,,51.0,1.1568627450980393
208,203,Zay Jones,LVR,WR,26,17,9,0,0,0,0,0,2,3,1.50,0,70,47,546,11.62,1,1,1,1,,,59,105.9,109.9,82.4,,76,,49.0,1.2040816326530612
209,204,Olamide Zaccheaus,ATL,WR,24,17,8,0,0,0,0,0,1,2,2.00,0,53,31,406,13.10,3,0,0,3,,,59,89.8,92.8,74.3,,77,,32.0,1.84375
210,205,Rashod Bateman,BAL,WR,22,12,4,0,0,0,0,0,0,0,,0,68,46,515,11.20,1,0,0,1,,,58,103.5,106.5,80.5,,80,,46.0,1.2608695652173914
211,206,Jauan Jennings,SFO,WR,24,16,1,0,0,0,0,0,0,0,,0,38,24,282,11.75,5,1,0,5,,,58,82.2,85.2,70.2,,79,,24.0,2.4166666666666665
212,207,Evan Engram,NYG,TE,27,15,12,0,0,0,0,0,1,-3,-3.00,0,73,46,408,8.87,3,1,1,3,,,57,102.5,106.5,79.5,,23,,47.0,1.2127659574468086
213,208,Michael Gallup,DAL,WR,25,9,8,0,0,0,0,0,0,0,,0,62,35,445,12.71,2,0,0,2,,,57,91.5,94.5,74.0,,81,,35.0,1.6285714285714286
214,209,Zach Pascal,IND,WR,27,16,13,0,0,0,0,0,2,21,10.50,0,69,38,384,10.11,3,1,1,3,,,57,94.5,98.5,75.5,,82,,40.0,1.425
216,210,Mo Alie-Cox,IND,TE,28,17,7,0,0,0,0,0,0,0,,0,45,24,316,13.17,4,1,0,4,,,56,79.6,82.6,67.6,,24,,24.0,2.3333333333333335
217,211,DeSean Jackson,2TM,WR,35,16,4,0,0,0,0,0,1,4,4.00,0,34,20,454,22.70,2,1,1,2,,,56,75.8,79.8,65.8,,83,,21.0,2.6666666666666665
218,212,Samaje Perine,CIN,RB,26,16,0,0,0,0,0,0,55,246,4.47,1,31,27,196,7.26,1,0,0,2,,,56,83.2,89.2,69.7,,63,,82.0,0.6829268292682927
219,213,Tre'Quan Smith,NOR,WR,25,11,6,0,0,0,0,0,0,0,,0,50,32,377,11.78,3,1,0,3,,,56,87.7,90.7,71.7,,84,,32.0,1.75
220,214,Austin Hooper,CLE,TE,27,16,16,0,0,0,0,0,0,0,,0,61,38,345,9.08,3,0,0,3,1,,55,92.5,95.5,73.5,,26,,38.0,1.4473684210526316
222,216,Rondale Moore,ARI,WR,21,14,7,0,0,0,0,0,18,76,4.22,0,64,54,435,8.06,1,3,1,1,,,55,109.1,113.1,82.1,,85,,72.0,0.7638888888888888
223,217,Foster Moreau,LVR,TE,24,17,11,0,0,0,0,0,0,0,,0,44,30,373,12.43,3,1,0,3,,,55,85.3,88.3,70.3,,25,,30.0,1.8333333333333333
224,218,Dontrell Hilliard,TEN,RB,26,8,5,0,0,0,0,0,56,350,6.25,2,26,19,87,4.58,0,2,1,2,,,54,72.7,76.7,63.2,,65,,75.0,0.72
226,220,Ameer Abdullah,2TM,RB,28,17,1,0,0,0,0,0,51,166,3.25,0,53,38,289,7.61,1,0,0,1,,,52,89.5,95.5,70.5,,66,,89.0,0.5842696629213483
227,221,Jamal Agnew,JAX,WR,26,10,2,0,0,0,0,0,7,111,15.86,1,39,24,229,9.54,1,1,0,3,,,52,76.0,82.0,64.0,,87,,31.0,1.6774193548387097
228,222,Kenny Golladay,NYG,WR,28,14,14,0,0,0,0,0,0,0,,0,76,37,521,14.08,0,0,0,0,,,52,89.1,92.1,70.6,,86,,37.0,1.4054054054054055
229,223,Josh Reynolds,2TM,WR,26,12,5,0,0,0,0,0,0,0,,0,49,29,396,13.66,2,0,0,2,,,52,80.6,83.6,66.1,,88,,29.0,1.793103448275862
230,224,Keelan Cole,NYJ,WR,28,15,11,0,1,0,0,0,0,0,,0,51,28,449,16.04,1,0,0,1,,,51,78.9,81.9,64.9,,90,,28.0,1.8214285714285714
231,225,Nico Collins,HOU,WR,22,14,8,0,0,0,0,0,0,0,,0,60,33,446,13.52,1,0,0,1,,,51,83.6,86.6,67.1,,91,,33.0,1.5454545454545454
232,226,T.Y. Hilton,IND,WR,32,10,9,0,0,0,0,0,0,0,,0,37,23,331,14.39,3,0,0,3,,,51,74.1,77.1,62.6,,89,,23.0,2.217391304347826
234,228,Jack Doyle,IND,TE,31,17,14,0,0,0,0,0,0,0,,0,43,29,302,10.41,3,0,0,3,1,,50,79.2,82.2,64.7,,27,,29.0,1.7241379310344827
235,229,Devin Duvernay,BAL,WR,24,16,7,0,0,0,0,0,7,50,7.14,0,47,33,272,8.24,2,1,0,3,,,50,83.2,86.2,66.7,,92,,40.0,1.25
236,230,Cameron Brate,TAM,TE,30,17,3,0,0,0,0,0,0,0,,0,57,30,245,8.17,4,0,0,4,,,49,78.5,81.5,63.5,,28,,30.0,1.6333333333333333
237,231,David Johnson,HOU,RB,30,13,4,0,0,0,0,0,67,228,3.40,0,42,32,225,7.03,1,1,1,1,,,49,81.3,88.3,65.3,,67,,99.0,0.494949494949495
238,232,Julio Jones,TEN,WR,32,10,10,0,0,0,0,0,0,0,,0,48,31,434,14.00,1,0,0,1,,,49,80.4,83.4,64.9,,93,,31.0,1.5806451612903225
239,233,Allen Robinson,CHI,WR,28,12,11,0,0,0,0,0,0,0,,0,66,38,410,10.79,1,0,0,1,1,,49,87.0,90.0,68.0,,95,,38.0,1.2894736842105263
240,234,Laquon Treadwell,JAX,WR,26,12,7,0,0,0,0,0,0,0,,0,51,33,434,13.15,1,0,0,1,,,49,82.4,85.4,65.9,,94,,33.0,1.4848484848484849
241,235,Derrick Gore,KAN,RB,27,11,0,0,0,0,0,0,51,256,5.02,2,9,8,105,13.13,0,0,0,2,,,48,56.1,62.1,52.1,,68,,59.0,0.8135593220338984
242,236,Jerry Jeudy,DEN,WR,22,10,5,0,0,0,0,0,2,3,1.50,0,56,38,467,12.29,0,1,0,0,,,47,85.0,88.0,66.0,,96,,40.0,1.175
243,237,Mack Hollins,MIA,WR,28,17,3,0,0,0,0,0,0,0,,0,28,14,223,15.93,4,0,0,4,,,46,60.3,63.3,53.3,,97,,14.0,3.2857142857142856
244,238,Travis Homer,SEA,RB,23,14,0,0,0,0,0,0,21,177,8.43,1,20,16,161,10.06,0,0,0,2,,,46,61.8,67.8,53.8,,70,,37.0,1.2432432432432432
247,240,Jeremy McNichols,TEN,RB,26,14,0,0,0,0,0,0,41,156,3.80,0,38,28,240,8.57,1,0,0,1,,,46,73.6,79.6,59.6,,71,,69.0,0.6666666666666666
248,241,Jaret Patterson,WAS,RB,22,17,1,0,0,0,0,0,68,266,3.91,2,11,10,73,7.30,0,1,0,2,,,46,55.9,58.9,50.9,,69,,78.0,0.5897435897435898
249,242,Danny Amendola,HOU,WR,36,8,0,0,1,0,0,0,0,0,,0,38,24,248,10.33,3,1,0,3,1,,45,68.8,71.8,56.8,,99,,24.0,1.875
250,243,Anthony Firkser,TEN,TE,26,15,1,0,0,0,0,0,0,0,,0,43,34,291,8.56,2,2,1,3,,,45,79.1,83.1,62.1,,29,,34.0,1.3235294117647058
251,244,Jalen Reagor,PHI,WR,22,17,13,0,0,0,0,0,10,32,3.20,0,57,33,299,9.06,2,2,0,2,,,45,78.1,81.1,61.6,,98,,43.0,1.0465116279069768
252,245,Damien Williams,CHI,RB,29,12,2,0,0,0,0,0,40,164,4.10,2,23,16,103,6.44,1,0,0,3,,,45,60.7,66.7,52.7,,72,,56.0,0.8035714285714286
253,246,Jeff Wilson,SFO,RB,26,9,4,0,0,0,0,0,79,294,3.72,2,8,7,31,4.43,0,1,0,2,,,45,51.5,54.5,48.0,,73,,86.0,0.5232558139534884
254,247,Kyle Juszczyk,SFO,RB,30,17,16,0,0,0,0,0,8,22,2.75,1,38,30,296,9.87,1,0,0,2,,,44,73.8,76.8,58.8,,74,,38.0,1.1578947368421053
255,248,Demarcus Robinson,KAN,WR,27,17,10,0,0,0,0,0,0,0,,0,41,25,264,10.56,3,0,0,3,,,44,69.4,72.4,56.9,,100,,25.0,1.76
257,250,Chris Conley,HOU,WR,29,16,10,0,0,0,0,0,1,3,3.00,0,37,22,323,14.68,2,1,1,2,,,43,64.6,68.6,53.6,,103,,23.0,1.8695652173913044
258,251,Albert Okwuegbunam,DEN,TE,23,14,6,0,0,0,0,0,0,0,,0,40,33,330,10.00,2,1,1,2,,,43,76.0,80.0,59.5,,30,,33.0,1.303030303030303
259,252,Darius Slayton,NYG,WR,24,13,5,0,0,0,0,0,1,-13,-13.00,0,58,26,339,13.04,2,1,1,2,,,43,68.6,72.6,55.6,,104,,27.0,1.5925925925925926
260,253,Kadarius Toney,NYG,WR,22,10,4,1,3,19,0,0,3,6,2.00,0,57,39,420,10.77,0,0,0,0,,,43,82.4,85.4,62.9,,102,,42.0,1.0238095238095237
261,254,Sammy Watkins,BAL,WR,28,13,9,0,0,0,0,0,0,0,,0,49,27,394,14.59,1,1,1,1,,,43,70.4,74.4,56.9,,101,,27.0,1.5925925925925926
264,257,James Washington,PIT,WR,25,15,2,0,0,0,0,0,2,13,6.50,0,44,24,285,11.88,2,0,0,2,,,42,65.8,68.8,53.8,,105,,26.0,1.6153846153846154
265,258,Dan Arnold,2TM,TE,26,11,4,0,0,0,0,0,0,0,,0,52,35,408,11.66,0,1,1,0,1,,41,75.8,79.8,58.3,,32,,35.0,1.1714285714285715
266,259,Harrison Bryant,CLE,TE,23,16,3,0,0,0,0,0,0,0,,0,28,21,233,11.10,3,0,0,3,,,41,62.3,65.3,51.8,,31,,21.0,1.9523809523809523
267,260,Tevin Coleman,NYJ,RB,28,11,5,0,0,0,0,0,84,356,4.24,0,16,11,49,4.45,0,0,0,0,,,41,51.5,54.5,46.0,,77,,95.0,0.43157894736842106
268,261,Phillip Lindsay,2TM,RB,27,14,1,0,0,0,0,0,88,249,2.83,1,5,4,45,11.25,1,0,0,2,,,41,45.4,48.4,43.4,,76,,92.0,0.44565217391304346
269,262,Colt McCoy,ARI,QB,35,8,3,74,99,740,3,1,22,37,1.68,0,0,0,0,,0,4,1,0,,,41,41.3,46.3,42.3,,45,,22.0,0.0
270,263,Peyton Barber,LVR,RB,27,10,1,0,0,0,0,0,55,212,3.85,2,13,10,67,6.70,0,2,0,2,,,40,49.9,52.9,44.9,,78,,65.0,0.6153846153846154
271,264,Juwan Johnson,NOR,TE,25,14,2,0,0,0,0,0,0,0,,0,22,13,159,12.23,4,0,0,4,,,40,52.9,55.9,46.4,,33,,13.0,3.076923076923077
273,266,Damiere Byrd,CHI,WR,28,17,4,0,0,0,0,0,0,0,,0,38,26,329,12.65,1,1,1,1,1,,39,64.9,68.9,51.9,,108,,26.0,1.5
274,267,DeeJay Dallas,SEA,RB,23,17,0,0,0,0,0,0,33,138,4.18,2,23,21,133,6.33,0,1,0,2,,,39,60.1,66.1,49.6,,79,,54.0,0.7222222222222222
275,268,Ashton Dulin,IND,WR,24,17,1,0,0,0,0,0,3,32,10.67,0,22,13,173,13.31,2,0,0,3,,,39,51.5,54.5,45.0,,110,,16.0,2.4375
276,269,Donald Parham,LAC,TE,24,14,9,0,0,0,0,0,0,0,,0,27,20,190,9.50,3,0,0,3,1,,39,59.0,62.0,49.0,,36,,20.0,1.95
278,270,Ricky Seals-Jones,WAS,TE,26,13,6,0,0,0,0,0,0,0,,0,49,30,271,9.03,2,0,0,2,,,39,69.1,72.1,54.1,,35,,30.0,1.3
279,271,Jonnu Smith,NWE,TE,26,16,11,0,0,0,0,0,9,40,4.44,0,45,28,294,10.50,1,1,0,1,,,39,67.4,70.4,53.4,,34,,37.0,1.054054054054054
280,272,Geoff Swaim,TEN,TE,28,16,16,0,0,0,0,0,0,0,,0,40,31,210,6.77,3,0,0,3,,,39,70.0,73.0,54.5,,37,,31.0,1.2580645161290323
281,273,Antoine Wesley,ARI,WR,24,15,4,0,0,0,0,0,0,0,,0,32,19,208,10.95,3,0,0,3,,,39,57.8,60.8,48.3,,109,,19.0,2.0526315789473686
282,274,Ryan Griffin,NYJ,TE,31,14,12,0,0,0,0,0,0,0,,0,42,27,261,9.67,2,1,0,2,,,38,65.1,68.1,51.6,,38,,27.0,1.4074074074074074
283,275,Adam Humphries,WAS,WR,28,17,11,0,0,0,0,0,0,0,,0,62,41,383,9.34,0,0,0,0,,,38,79.3,82.3,58.8,,111,,41.0,0.926829268292683
284,276,Hayden Hurst,ATL,TE,28,13,5,0,0,0,0,0,0,0,,0,31,26,221,8.50,3,3,1,3,,,38,64.1,68.1,51.1,,39,,26.0,1.4615384615384615
285,277,Josiah Deguara,GNB,TE,24,16,2,0,0,0,0,0,0,0,,0,33,25,245,9.80,2,0,0,2,,,37,61.5,64.5,49.0,,41,,25.0,1.48
286,278,Marquise Goodwin,CHI,WR,31,14,2,0,0,0,0,0,2,-1,-0.50,0,40,20,313,15.65,1,1,0,1,,,37,57.2,60.2,47.2,,112,,22.0,1.6818181818181819
287,279,Jimmy Graham,CHI,TE,35,15,6,0,0,0,0,0,0,0,,0,23,14,167,11.93,3,0,0,3,1,,37,50.7,53.7,43.7,,40,,14.0,2.642857142857143
288,280,Lil'Jordan Humphrey,NOR,WR,23,10,4,0,0,0,0,0,0,0,,0,18,13,249,19.15,2,0,0,2,,,37,49.9,52.9,43.4,,113,,13.0,2.8461538461538463
289,281,Dare Ogunbowale,JAX,RB,27,17,2,0,0,0,0,0,43,137,3.19,1,21,13,114,8.77,1,0,0,2,,,37,50.1,56.1,43.6,,80,,56.0,0.6607142857142857
290,282,Giovani Bernard,TAM,RB,30,12,0,0,0,0,0,0,8,58,7.25,0,29,23,123,5.35,3,1,0,3,,,36,59.1,62.1,47.6,,81,,31.0,1.1612903225806452
291,283,Matt Breida,BUF,RB,26,9,0,0,0,0,0,0,26,125,4.81,1,9,7,72,10.29,2,1,1,3,,,36,42.7,46.7,39.2,,82,,33.0,1.0909090909090908
292,284,Tyler Johnson,TAM,WR,23,17,3,0,0,0,0,0,0,0,,0,55,36,360,10.00,0,0,0,0,,,36,72.0,75.0,54.0,,114,,36.0,1.0
293,285,Brevin Jordan,HOU,TE,21,9,2,0,0,0,0,0,0,0,,0,28,20,178,8.90,3,0,0,3,,,36,55.8,58.8,45.8,,44,,20.0,1.8
294,286,Durham Smythe,MIA,TE,26,17,12,0,0,0,0,0,2,3,1.50,0,41,34,357,10.50,0,0,0,0,,,36,70.0,73.0,53.0,,43,,36.0,1.0
296,288,Adam Trautman,NOR,TE,24,13,10,0,0,0,0,0,0,0,,0,43,27,263,9.74,2,1,1,2,,,36,63.3,67.3,49.8,,42,,27.0,1.3333333333333333
297,289,Chris Evans,CIN,RB,24,14,1,0,0,0,0,0,17,77,4.53,0,17,15,151,10.07,2,0,0,2,,,35,49.8,52.8,42.3,,83,,32.0,1.09375
299,291,Chris Moore,HOU,WR,28,12,1,0,0,0,0,0,0,0,,0,22,21,227,10.81,2,0,0,2,,,35,55.7,58.7,45.2,,116,,21.0,1.6666666666666667
300,292,MyCole Pruitt,TEN,TE,29,16,9,0,0,0,0,0,0,0,,0,18,14,145,10.36,3,0,0,3,1,,35,48.5,51.5,41.5,,46,,14.0,2.5
301,293,Chester Rogers,TEN,WR,27,16,2,0,0,0,0,0,1,9,9.00,0,43,30,301,10.03,1,4,1,1,,,35,65.0,69.0,50.0,,115,,31.0,1.1290322580645162
303,295,Rashard Higgins,CLE,WR,27,15,4,0,0,0,0,0,0,0,,0,47,24,275,11.46,1,0,0,1,,,34,57.5,60.5,45.5,,120,,24.0,1.4166666666666667
304,296,Carlos Hyde,JAX,RB,31,12,2,0,0,0,0,0,72,253,3.51,1,21,12,65,5.42,0,2,2,1,,,34,45.8,50.8,39.8,,84,,84.0,0.40476190476190477
306,298,Kyle Rudolph,NYG,TE,32,16,13,0,0,0,0,0,0,0,,0,39,26,257,9.88,1,0,0,1,1,,34,59.7,62.7,46.7,,47,,26.0,1.3076923076923077
307,299,Cam Sims,WAS,WR,25,14,3,0,0,0,0,0,1,7,7.00,0,23,15,211,14.07,2,0,0,2,,,34,48.8,51.8,41.3,,119,,16.0,2.125
309,300,Le'Veon Bell,2TM,RB,29,8,0,0,0,0,0,0,39,101,2.59,2,7,5,30,6.00,1,0,0,3,1,,33,38.1,41.1,35.6,,85,,44.0,0.75
310,301,Demetric Felton,CLE,RB,23,16,2,0,0,0,0,0,7,24,3.43,0,21,18,181,10.06,2,4,0,2,,,33,50.5,53.5,41.5,,88,,25.0,1.32
311,302,Isaiah McKenzie,BUF,WR,26,15,2,0,0,0,0,0,9,47,5.22,1,26,20,178,8.90,1,2,1,2,,,33,52.5,56.5,42.5,,122,,29.0,1.1379310344827587
312,303,Tommy Tremble,CAR,TE,21,16,11,0,0,0,0,0,3,11,3.67,1,35,20,180,9.00,1,0,0,2,1,,33,53.1,56.1,43.1,,48,,23.0,1.434782608695652
313,304,Malik Turner,DAL,WR,25,14,0,0,0,0,0,0,0,0,,0,16,12,149,12.42,3,0,0,3,,,33,44.9,47.9,38.9,,121,,12.0,2.75
314,305,Ke'Shawn Vaughn,TAM,RB,24,12,1,0,0,0,0,0,36,180,5.00,2,8,4,26,6.50,0,0,0,2,,,33,36.6,39.6,34.6,,87,,40.0,0.825
315,306,Ty'Son Williams,BAL,RB,25,13,3,0,0,0,0,0,35,185,5.29,1,12,9,84,9.33,0,1,0,1,,,33,41.9,44.9,37.4,,86,,44.0,0.75
316,307,Robert Tonyan,GNB,TE,27,8,5,0,0,0,0,0,0,0,,0,29,18,204,11.33,2,0,0,2,,,32,50.4,53.4,41.4,,49,,18.0,1.7777777777777777
317,308,John Bates,WAS,TE,24,17,8,0,0,0,0,0,0,0,,0,25,20,249,12.45,1,1,0,1,,,31,50.9,53.9,40.9,,50,,20.0,1.55
319,310,Brandon Zylstra,CAR,WR,28,13,3,0,1,0,0,0,0,0,,0,25,18,250,13.89,1,0,0,1,,,31,49.0,52.0,40.0,,123,,18.0,1.7222222222222223
320,311,John Ross,NYG,WR,26,10,1,0,0,0,0,0,1,16,16.00,0,20,11,224,20.36,1,1,0,1,,,30,41.0,44.0,35.5,,124,,12.0,2.5
321,312,Will Dissly,SEA,TE,25,15,14,0,0,0,0,0,0,0,,0,26,21,231,11.00,1,1,0,1,,,29,50.1,53.1,39.6,,51,,21.0,1.380952380952381
322,313,Jakeem Grant,2TM,WR,29,15,0,0,0,0,0,0,5,33,6.60,0,17,11,132,12.00,2,3,3,3,,,29,39.5,45.5,34.0,,125,,16.0,1.8125
324,315,Isaiah Ford,MIA,WR,25,13,2,0,0,0,0,0,0,0,,0,17,12,161,13.42,2,0,0,2,,,28,40.1,43.1,34.1,,126,,12.0,2.3333333333333335
326,317,Greg Ward,PHI,WR,26,17,0,1,2,2,0,0,0,0,,0,11,7,95,13.57,3,0,0,3,,,28,34.6,34.6,31.1,,127,,7.0,0.0
327,318,Salvon Ahmed,MIA,RB,23,12,0,0,0,0,0,0,54,149,2.76,0,19,12,117,9.75,0,0,0,0,,,27,38.6,44.6,32.6,,91,,66.0,0.4090909090909091
328,319,Tavon Austin,JAX,WR,31,13,3,0,0,0,0,0,3,21,7.00,0,37,24,213,8.88,1,1,1,1,,,27,51.4,55.4,39.4,,128,,27.0,1.0
330,321,Jamycal Hasty,SFO,RB,25,11,0,0,0,0,0,0,16,68,4.25,1,29,23,157,6.83,0,2,1,1,,,27,49.5,53.5,38.0,,92,,39.0,0.6923076923076923
331,322,Ray-Ray McCloud,PIT,WR,25,16,5,0,0,0,0,0,2,15,7.50,0,66,39,277,7.10,0,4,1,0,,,27,66.2,70.2,46.7,,130,,41.0,0.6585365853658537
332,323,Elijhaa Penny,NYG,RB,28,17,3,0,0,0,0,0,24,99,4.13,1,13,9,30,3.33,1,0,0,2,1,,27,35.9,35.9,31.4,,90,,33.0,0.8181818181818182
334,325,Royce Freeman,2TM,RB,25,15,0,0,0,0,0,0,56,169,3.02,0,16,10,77,7.70,0,0,0,0,,,25,34.6,37.6,29.6,,94,,66.0,0.3787878787878788
335,326,Trey Sermon,SFO,RB,22,9,2,0,0,0,0,0,41,167,4.07,1,4,3,26,8.67,0,0,0,1,,,25,28.3,31.3,26.8,,93,,44.0,0.5681818181818182
340,330,Kendall Hinton,DEN,WR,24,16,1,1,1,1,0,0,0,0,,0,23,15,175,11.67,1,0,0,1,,,24,38.5,41.5,31.0,,132,,15.0,1.6
342,332,Ihmir Smith-Marsette,MIN,WR,22,8,1,0,0,0,0,0,0,0,,0,6,5,116,23.20,2,0,0,2,,,24,28.6,31.6,26.1,,131,,5.0,0.0
343,333,Brock Wright,DET,TE,23,10,5,0,0,0,0,0,0,0,,0,17,12,117,9.75,2,0,0,2,,,24,35.7,38.7,29.7,,54,,12.0,2.0
344,334,Stephen Anderson,LAC,TE,28,17,4,0,0,0,0,0,0,0,,0,19,16,165,10.31,1,0,0,1,,,23,38.5,41.5,30.5,,56,,16.0,1.4375
345,335,Corey Clement,DAL,RB,27,17,0,0,0,0,0,0,33,140,4.24,0,7,6,29,4.83,1,0,0,1,,,23,28.9,31.9,25.9,,95,,39.0,0.5897435897435898
346,336,Tyler Kroft,NYJ,TE,29,9,6,0,0,0,0,0,0,0,,0,25,16,173,10.81,1,0,0,1,,,23,39.3,42.3,31.3,,55,,16.0,1.4375
347,337,Jerick McKinnon,KAN,RB,29,13,0,0,0,0,0,0,12,62,5.17,0,20,13,107,8.23,1,0,0,1,,,23,35.9,38.9,29.4,,96,,25.0,0.92
349,339,Anthony Schwartz,CLE,WR,21,14,2,0,0,0,0,0,6,39,6.50,0,23,10,135,13.50,1,0,0,1,,,23,33.4,36.4,28.4,,133,,16.0,1.4375
350,340,Tajae Sharpe,ATL,WR,27,15,7,0,0,0,0,0,0,0,,0,37,25,230,9.20,0,0,0,0,,,23,48.0,51.0,35.5,,134,,25.0,0.92
351,341,Albert Wilson,MIA,WR,29,14,5,0,1,0,0,0,4,17,4.25,0,39,25,213,8.52,0,0,0,0,,,23,48.0,51.0,35.5,,135,,29.0,0.7931034482758621
352,342,Eno Benjamin,ARI,RB,22,9,0,0,0,0,0,0,34,118,3.47,1,7,6,42,7.00,0,0,0,1,,,22,28.0,31.0,25.0,,98,,40.0,0.55
354,344,Blake Jarwin,DAL,TE,27,8,5,0,0,0,0,0,0,0,,0,17,11,96,8.73,2,0,0,2,,,22,32.6,32.6,27.1,,57,,11.0,2.0
357,347,Eric Ebron,PIT,TE,28,8,3,0,0,0,0,0,1,1,1.00,1,18,12,84,7.00,1,0,0,2,,,21,32.5,32.5,26.5,,59,,13.0,1.6153846153846154
358,348,Marcedes Lewis,GNB,TE,37,17,17,0,0,0,0,0,0,0,,0,28,23,214,9.30,0,1,0,0,,,21,44.4,47.4,32.9,,58,,23.0,0.9130434782608695
361,351,O.J. Howard,TAM,TE,27,17,9,0,0,0,0,0,0,0,,0,21,14,135,9.64,1,0,0,1,,,20,33.5,36.5,26.5,,60,,14.0,1.4285714285714286
362,352,Godwin Igwebuike,DET,RB,27,17,1,0,0,0,0,0,18,118,6.56,1,10,7,60,8.57,0,2,2,1,,,20,26.8,31.8,23.3,,100,,25.0,0.8
363,353,James Proche,BAL,WR,25,14,0,0,0,0,0,0,0,0,,0,20,16,202,12.63,0,0,0,0,,,20,36.2,39.2,28.2,,138,,16.0,1.25
365,355,Kene Nwangwu,MIN,RB,23,11,0,0,0,0,0,0,13,61,4.69,0,5,4,9,2.25,0,0,0,2,,,19,23.0,23.0,21.0,,103,,17.0,1.1176470588235294
366,356,Ian Thomas,CAR,TE,25,17,13,0,0,0,0,0,0,0,,0,30,18,188,10.44,0,0,0,0,,,19,36.8,39.8,27.8,,62,,18.0,1.0555555555555556
369,359,Jordan Akins,HOU,TE,29,13,3,0,0,0,0,0,1,3,3.00,0,33,24,214,8.92,0,2,2,0,,,18,41.7,46.7,29.7,,63,,25.0,0.72
371,360,Noah Brown,DAL,WR,25,13,1,0,0,0,0,0,0,0,,0,25,16,184,11.50,0,0,0,0,,,18,34.4,37.4,26.4,,140,,16.0,1.125
372,361,D'Wayne Eskridge,SEA,WR,24,10,0,0,0,0,0,0,4,59,14.75,0,20,10,64,6.40,1,0,0,1,,,18,28.3,28.3,23.3,,141,,14.0,1.2857142857142858
373,362,KhaDarel Hodge,DET,WR,26,16,1,0,0,0,0,0,0,0,,0,27,13,157,12.08,0,0,0,0,1,,18,30.7,33.7,24.2,,142,,13.0,1.3846153846153846
375,364,Mohamed Sanu,SFO,WR,32,8,0,0,0,0,0,0,0,0,,0,24,15,177,11.80,0,0,0,0,,,18,32.7,35.7,25.2,,143,,15.0,1.2
378,367,Zach Gentry,PIT,TE,25,17,12,0,0,0,0,0,0,0,,0,25,19,167,8.79,0,0,0,0,,,17,35.7,38.7,26.2,,65,,19.0,0.8947368421052632
379,368,Tony Jones,NOR,RB,24,11,4,0,0,0,0,0,54,142,2.63,0,8,5,29,5.80,0,0,0,0,,,17,22.1,25.1,19.6,,104,,59.0,0.288135593220339
382,371,Dyami Brown,WAS,WR,22,15,6,0,0,0,0,0,1,-4,-4.00,0,25,12,165,13.75,0,0,0,0,,,16,28.1,31.1,22.1,,146,,13.0,1.2307692307692308
383,372,C.J. Ham,MIN,RB,28,17,8,0,0,0,0,0,7,34,4.86,0,18,17,125,7.35,0,0,0,0,,,16,32.9,35.9,24.4,,107,,24.0,0.6666666666666666
384,373,N'Keal Harry,NWE,WR,24,12,4,0,0,0,0,0,0,0,,0,22,12,184,15.33,0,1,1,0,,,16,28.4,32.4,22.4,,144,,12.0,1.3333333333333333
386,375,Terrace Marshall Jr.,CAR,WR,21,13,3,0,0,0,0,0,0,0,,0,30,17,138,8.12,0,0,0,0,1,,16,32.8,35.8,24.3,,148,,17.0,0.9411764705882353
387,376,Qadree Ollison,ATL,RB,25,8,0,0,0,0,0,0,21,105,5.00,1,6,4,12,3.00,0,1,1,1,,,16,19.7,23.7,17.7,,108,,25.0,0.64
389,378,Pharaoh Brown,HOU,TE,27,15,12,0,0,0,0,0,0,0,,0,34,23,171,7.43,0,1,1,0,,,15,38.1,42.1,26.6,,66,,23.0,0.6521739130434783
390,379,Alec Ingold,LVR,RB,25,9,3,0,0,0,0,0,2,1,0.50,0,12,10,85,8.50,1,0,0,1,,,15,24.6,24.6,19.6,,110,,12.0,1.25
391,380,Marcus Mariota,LVR,QB,28,10,0,1,2,4,0,0,13,87,6.69,1,0,0,0,,0,1,0,1,,,15,14.9,14.9,14.9,,55,,13.0,0.0
393,382,Larry Rountree,LAC,RB,22,12,0,0,0,0,0,0,36,87,2.42,1,2,1,-1,-1.00,0,0,0,1,,,15,15.6,15.6,15.1,,111,,37.0,0.40540540540540543
394,383,Trent Sherfield,SFO,WR,25,17,1,0,0,0,0,0,0,0,,0,20,9,87,9.67,1,0,0,1,,,15,23.7,23.7,19.2,,150,,9.0,0.0
396,385,Patrick Taylor,GNB,RB,23,9,0,0,0,0,0,0,23,89,3.87,1,2,2,3,1.50,0,0,0,1,,,15,17.2,17.2,16.2,,109,,25.0,0.6
399,388,Scott Miller,TAM,WR,24,9,0,0,0,0,0,0,2,43,21.50,1,9,5,38,7.60,0,0,0,1,,,14,19.1,19.1,16.6,,151,,7.0,0.0
400,389,Ty Montgomery,NOR,WR,28,14,3,0,0,0,0,0,15,44,2.93,0,26,16,95,5.94,0,0,0,0,,,14,29.9,29.9,21.9,,152,,31.0,0.45161290322580644
403,391,Wayne Gallman,2TM,RB,27,8,0,0,0,0,0,0,28,104,3.71,0,3,1,21,21.00,0,0,0,0,,,13,13.5,16.5,13.0,,114,,29.0,0.4482758620689655
404,392,Chris Manhertz,JAX,TE,29,17,10,0,0,0,0,0,0,0,,0,9,6,71,11.83,1,0,0,1,,,13,19.1,19.1,16.1,,68,,6.0,0.0
406,394,Denzel Mims,NYJ,WR,24,11,3,0,0,0,0,0,0,0,,0,23,8,133,16.63,0,0,0,0,,,13,21.3,24.3,17.3,,153,,8.0,0.0
407,395,Patrick Ricard,BAL,RB,27,13,11,0,0,0,0,0,2,4,2.00,0,13,8,63,7.88,1,0,0,1,,,13,20.7,20.7,16.7,,113,,10.0,1.3
408,396,Ben Skowronek,LAR,WR,24,14,1,0,0,0,0,0,0,0,,0,20,11,133,12.09,0,0,0,0,,,13,24.3,27.3,18.8,,154,,11.0,1.1818181818181819
409,397,Lee Smith,ATL,TE,34,16,6,0,0,0,0,0,0,0,,0,11,9,65,7.22,1,0,0,1,,,13,21.5,21.5,17.0,,69,,9.0,0.0
410,398,Kenny Stills,NOR,WR,29,13,4,0,0,0,0,0,1,1,1.00,0,23,6,68,11.33,1,0,0,1,,,13,18.9,18.9,15.9,,155,,7.0,0.0
411,399,Michael Burton,KAN,RB,29,16,0,0,0,0,0,0,8,26,3.25,1,3,3,31,10.33,0,0,0,1,,,12,14.7,14.7,13.2,,116,,11.0,1.0909090909090908
414,402,Jesse James,CHI,TE,27,14,9,0,0,0,0,0,0,0,,0,8,7,62,8.86,1,0,0,1,,,12,19.2,19.2,15.7,,70,,7.0,0.0
415,403,Joshua Kelley,LAC,RB,24,10,0,0,0,0,0,0,33,102,3.09,0,6,5,38,7.60,0,1,1,0,,,12,17.0,21.0,14.5,,115,,38.0,0.3157894736842105
416,404,Tom Kennedy,DET,WR,25,12,0,1,1,75,1,0,0,0,,0,10,6,54,9.00,0,0,0,0,,,12,18.4,18.4,15.4,,156,,6.0,0.0
417,405,Antony Auclair,HOU,TE,28,16,13,0,0,0,0,0,0,0,,0,5,5,47,9.40,1,0,0,1,,,11,15.7,15.7,13.2,,74,,5.0,0.0
419,407,Ross Dwelley,SFO,TE,26,17,2,0,0,0,0,0,0,0,,0,5,4,51,12.75,1,0,0,1,,,11,15.1,15.1,13.1,,72,,4.0,0.0
422,410,Kylen Granson,IND,TE,23,17,0,0,0,0,0,0,0,0,,0,15,11,106,9.64,0,0,0,0,,,11,21.6,24.6,16.1,,76,,11.0,1.0
423,411,Collin Johnson,NYG,WR,24,12,1,0,0,0,0,0,0,0,,0,21,11,105,9.55,0,0,0,0,,,11,21.5,24.5,16.0,,161,,11.0,1.0
425,413,Jalen Richard,LVR,RB,28,10,0,0,0,0,0,0,9,40,4.44,0,14,12,72,6.00,0,0,0,0,,,11,23.2,23.2,17.2,,117,,21.0,0.5238095238095238
426,414,Eric Saubert,DEN,TE,27,17,4,0,0,0,0,0,0,0,,0,12,8,47,5.88,1,0,0,1,,,11,18.7,18.7,14.7,,75,,8.0,0.0
427,415,Adam Shaheen,MIA,TE,27,12,7,0,0,0,0,0,0,0,,0,16,12,110,9.17,0,0,0,0,,,11,23.0,26.0,17.0,,73,,12.0,0.9166666666666666
428,416,Jeff Smith,NYJ,WR,24,12,3,0,0,0,0,0,1,-1,-1.00,0,17,8,113,14.13,0,0,0,0,,,11,19.2,22.2,15.2,,157,,9.0,0.0
429,417,Benny Snell Jr.,PIT,RB,23,17,0,0,0,0,0,0,36,98,2.72,0,4,2,13,6.50,0,0,0,0,,,11,13.1,13.1,12.1,,118,,38.0,0.2894736842105263
430,418,Equanimeous St. Brown,GNB,WR,25,13,2,0,0,0,0,0,3,14,4.67,0,17,9,98,10.89,0,0,0,0,,,11,20.2,20.2,15.7,,158,,12.0,0.9166666666666666
433,420,Blake Bell,KAN,TE,30,16,5,0,0,0,0,0,4,10,2.50,0,13,9,87,9.67,0,0,0,0,,,10,18.7,18.7,14.2,,79,,13.0,0.7692307692307693
434,421,Trinity Benson,DET,WR,24,8,2,0,0,0,0,0,0,0,,0,22,10,103,10.30,0,0,0,0,,,10,20.3,23.3,15.3,,162,,10.0,1.0
435,422,Jason Cabinda,DET,RB,25,14,4,0,0,0,0,0,3,23,7.67,0,7,4,16,4.00,1,0,0,1,,,10,13.9,13.9,11.9,,120,,7.0,0.0
436,423,Noah Gray,KAN,TE,22,16,1,0,0,0,0,0,0,0,,0,10,7,36,5.14,1,0,0,1,,,10,16.6,16.6,13.1,,80,,7.0,0.0
437,424,Chris Herndon,MIN,TE,25,16,5,0,0,0,0,0,0,0,,0,7,4,40,10.00,1,0,0,1,,,10,14.0,14.0,12.0,,78,,4.0,0.0
441,428,Tommy Sweeney,BUF,TE,26,13,3,0,0,0,0,0,0,0,,0,12,9,44,4.89,1,1,0,1,,,10,19.4,19.4,14.9,,77,,9.0,0.0
444,431,Josh Gordon,KAN,WR,30,12,7,0,0,0,0,0,0,0,,0,14,5,32,6.40,1,0,0,1,,,9,14.2,14.2,11.7,,166,,5.0,0.0
446,433,Deon Jackson,IND,RB,22,9,0,0,0,0,0,0,13,31,2.38,1,0,0,0,,0,0,0,1,,,9,9.1,9.1,9.1,,122,,13.0,0.6923076923076923
447,434,Andy Janovich,CLE,RB,28,13,3,0,0,0,0,0,2,0,0.00,1,4,3,9,3.00,0,0,0,1,1,,9,11.9,11.9,10.4,,124,,5.0,0.0
448,435,Sean McKeon,DAL,TE,24,9,2,0,0,0,0,0,0,0,,0,6,4,27,6.75,1,0,0,1,,,9,12.7,12.7,10.7,,81,,4.0,0.0
450,437,Keith Smith,ATL,RB,29,17,8,0,0,0,0,0,9,31,3.44,0,10,9,56,6.22,0,0,0,0,,,9,17.7,17.7,13.2,,125,,18.0,0.5
452,439,Alex Armah,2TM,RB,27,11,2,0,0,0,0,0,5,21,4.20,0,1,1,1,1.00,1,0,0,1,,,8,9.2,9.2,8.7,,126,,6.0,0.0
454,441,Tyree Jackson,PHI,TE,24,9,3,0,0,0,0,0,0,0,,0,7,3,22,7.33,1,0,0,1,,,8,11.2,11.2,9.7,,82,,3.0,0.0
455,442,Chris Myarick,NYG,TE,26,8,3,0,0,0,0,0,0,0,,0,6,3,17,5.67,1,0,0,1,,,8,10.7,10.7,9.2,,84,,3.0,0.0
456,443,Dezmon Patmon,IND,WR,23,8,0,0,0,0,0,0,0,0,,0,4,2,21,10.50,1,0,0,1,,,8,10.1,10.1,9.1,,169,,2.0,0.0
457,444,Drew Sample,CIN,TE,25,17,8,0,0,0,0,0,0,0,,0,15,11,81,7.36,0,0,0,0,,,8,19.1,19.1,13.6,,83,,11.0,0.7272727272727273
459,446,Preston Williams,MIA,WR,24,8,3,0,0,0,0,0,1,7,7.00,0,16,6,71,11.83,0,0,0,0,,,8,13.8,13.8,10.8,,170,,7.0,0.0
461,448,Josh Oliver,BAL,TE,24,14,1,0,0,0,0,0,0,0,,0,15,9,66,7.33,0,1,0,0,,,7,15.6,15.6,11.1,,85,,9.0,0.0
462,449,Andre Roberts,2TM,WR,33,16,0,0,0,0,0,0,3,19,6.33,0,2,1,35,35.00,0,3,2,1,,,7,8.4,10.4,7.9,,172,,4.0,0.0
465,451,Jonathan Ward,ARI,RB,24,13,0,0,0,0,0,0,9,33,3.67,0,4,3,34,11.33,0,0,0,0,,,7,9.7,9.7,8.2,,128,,12.0,0.5833333333333334
466,452,Dede Westbrook,MIN,WR,28,15,0,0,0,0,0,0,0,0,,0,15,10,68,6.80,0,2,0,0,,,7,16.8,16.8,11.8,,173,,10.0,0.7
468,454,Mike Boone,DEN,RB,26,8,0,0,0,0,0,0,4,35,8.75,0,2,2,22,11.00,0,0,0,0,,,6,7.7,7.7,6.7,,130,,6.0,0.0
470,456,Alex Erickson,CAR,WR,29,17,0,0,0,0,0,0,0,0,,0,4,3,55,18.33,0,0,0,0,,,6,8.5,8.5,7.0,,181,,3.0,0.0
471,457,Luke Farrell,JAX,TE,24,15,4,0,0,0,0,0,0,0,,0,11,7,56,8.00,0,1,0,0,,,6,12.6,12.6,9.1,,86,,7.0,0.0
472,458,Penny Hart,SEA,WR,25,17,0,0,0,0,0,0,0,0,,0,12,7,59,8.43,0,0,0,0,,,6,12.9,12.9,9.4,,177,,7.0,0.0
473,459,Dax Milne,WAS,WR,22,13,1,0,0,0,0,0,1,1,1.00,0,14,9,83,9.22,0,1,1,0,,,6,15.4,16.4,10.9,,175,,10.0,0.6
476,462,Amari Rodgers,GNB,WR,22,16,1,0,0,0,0,0,1,11,11.00,0,8,4,45,11.25,0,2,0,0,,,6,9.6,9.6,7.6,,180,,5.0,0.0
479,465,Jaelon Darden,TAM,WR,22,9,0,0,0,0,0,0,1,11,11.00,0,12,6,43,7.17,0,0,0,0,,,5,11.4,11.4,8.4,,182,,7.0,0.0
482,468,Tre' McKitty,LAC,TE,22,11,4,0,0,0,0,0,0,0,,0,8,6,45,7.50,0,0,0,0,,,5,10.5,10.5,7.5,,88,,6.0,0.0
485,471,Mike Thomas,CIN,WR,27,12,1,0,0,0,0,0,0,0,,0,11,5,52,10.40,0,0,0,0,,,5,10.2,10.2,7.7,,183,,5.0,0.0
486,472,Charlie Woerner,SFO,TE,24,17,3,0,0,0,0,0,0,0,,0,6,5,52,10.40,0,0,0,0,,,5,10.2,10.2,7.7,,87,,5.0,0.0
487,473,JJ Arcega-Whiteside,PHI,WR,25,16,2,0,0,0,0,0,0,0,,0,5,2,36,18.00,0,0,0,0,,,4,5.6,5.6,4.6,,192,,2.0,0.0
488,474,Kalen Ballage,PIT,RB,26,17,0,0,0,0,0,0,12,36,3.00,0,7,2,8,4.00,0,0,0,0,,,4,6.4,6.4,5.4,,135,,14.0,0.2857142857142857
489,475,Kendall Blanton,LAR,TE,26,11,2,0,0,0,0,0,0,0,,0,7,4,37,9.25,0,1,0,0,,,4,7.7,7.7,5.7,,92,,4.0,0.0
490,476,Pharoh Cooper,NYG,WR,26,8,0,0,0,0,0,0,1,3,3.00,0,11,4,33,8.25,0,0,0,0,,,4,7.6,7.6,5.6,,193,,5.0,0.0
491,477,Tyler Davis,GNB,TE,24,14,0,0,0,0,0,0,0,0,,0,5,4,35,8.75,0,0,0,0,,,4,7.5,7.5,5.5,,94,,4.0,0.0
493,479,Darren Fells,2TM,TE,35,9,5,0,0,0,0,0,0,0,,0,5,4,43,10.75,0,0,0,0,,,4,8.3,8.3,6.3,,89,,4.0,0.0
495,480,Garrett Griffin,NOR,TE,27,13,6,0,0,0,0,0,0,0,,0,4,4,39,9.75,0,1,0,0,,,4,7.9,7.9,5.9,,91,,4.0,0.0
496,481,Parker Hesse,ATL,TE,26,8,1,0,0,0,0,0,0,0,,0,6,5,43,8.60,0,0,0,0,,,4,9.3,9.3,6.8,,90,,5.0,0.0
497,482,Jakob Johnson,NWE,RB,27,17,6,0,0,0,0,0,0,0,,0,5,4,43,10.75,0,0,0,0,,,4,8.3,8.3,6.3,,136,,4.0,0.0
499,484,Gunner Olszewski,NWE,WR,25,16,0,0,0,0,0,0,1,9,9.00,0,3,2,31,15.50,0,3,0,0,,,4,6.0,6.0,5.0,,186,,3.0,0.0
501,486,Willie Snead,2TM,WR,29,9,0,0,0,0,0,0,0,0,,0,8,4,38,9.50,0,0,0,0,,,4,7.8,7.8,5.8,,189,,4.0,0.0
503,488,Trevon Wesco,NYJ,TE,26,12,7,0,0,0,0,0,0,0,,0,5,3,35,11.67,0,0,0,0,,,4,6.5,6.5,5.0,,95,,3.0,0.0
506,491,Kenny Yeboah,NYJ,TE,23,9,0,0,0,0,0,0,0,0,,0,3,2,36,18.00,0,0,0,0,,,4,5.6,5.6,4.6,,93,,2.0,0.0
507,492,Christian Blake,ATL,WR,25,16,0,0,0,0,0,0,0,0,,0,9,4,25,6.25,0,0,0,0,,,3,6.5,6.5,4.5,,203,,4.0,0.0
508,493,Daniel Brown,NYJ,WR,29,12,0,0,0,0,0,0,0,0,,0,2,2,29,14.50,0,0,0,0,,,3,4.9,4.9,3.9,,200,,2.0,0.0
509,494,Dominique Dafney,GNB,TE,24,10,2,0,0,0,0,0,0,0,,0,4,2,34,17.00,0,0,0,0,,,3,5.4,5.4,4.4,,96,,2.0,0.0
510,495,Reggie Gilliam,BUF,RB,24,16,5,0,0,0,0,0,3,3,1.00,0,5,3,23,7.67,0,0,0,0,,,3,5.6,5.6,4.1,,140,,6.0,0.0
513,498,Kylin Hill,GNB,RB,23,8,0,0,0,0,0,0,10,24,2.40,0,2,1,5,5.00,0,0,0,0,,,3,3.9,3.9,3.4,,138,,11.0,0.2727272727272727
517,502,Jake Kumerow,BUF,WR,29,15,2,0,0,0,0,0,0,0,,0,6,2,28,14.00,0,0,0,0,,,3,4.8,4.8,3.8,,201,,2.0,0.0
518,503,Gabe Nabers,LAC,RB,24,10,1,0,0,0,0,0,3,8,2.67,0,3,3,17,5.67,0,0,0,0,,,3,5.5,5.5,4.0,,141,,6.0,0.0
519,504,Colby Parkinson,SEA,TE,22,14,1,0,0,0,0,0,0,0,,0,8,5,33,6.60,0,0,0,0,,,3,8.3,8.3,5.8,,98,,5.0,0.0
521,506,Kaden Smith,NYG,TE,24,9,4,0,0,0,0,0,0,0,,0,3,3,33,11.00,0,0,0,0,,,3,6.3,6.3,4.8,,99,,3.0,0.0
522,507,Jeremy Sprinkle,DAL,TE,27,17,4,0,0,0,0,0,0,0,,0,3,3,31,10.33,0,0,0,0,,,3,6.1,6.1,4.6,,101,,3.0,0.0
524,509,Dwayne Washington,NOR,RB,27,14,0,0,0,0,0,0,4,16,4.00,0,2,2,12,6.00,0,0,0,0,,,3,4.8,4.8,3.8,,139,,6.0,0.0
526,510,Cody White,PIT,WR,23,15,0,0,0,0,0,0,0,0,,0,6,5,33,6.60,0,0,0,0,,,3,8.3,8.3,5.8,,198,,5.0,0.0
529,513,Nick Bawden,NYJ,RB,25,9,1,0,0,0,0,0,0,0,,0,1,1,20,20.00,0,0,0,0,,,2,3.0,3.0,2.5,,146,,1.0,0.0
533,517,Cethan Carter,MIA,TE,26,16,1,0,0,0,0,0,0,0,,0,2,2,16,8.00,0,0,0,0,,,2,3.6,3.6,2.6,,103,,2.0,0.0
537,521,Tyron Johnson,2TM,WR,25,10,0,0,0,0,0,0,0,0,,0,5,2,16,8.00,0,0,0,0,,,2,3.6,3.6,2.6,,210,,2.0,0.0
538,522,Marcus Kemp,KAN,WR,26,16,0,0,0,0,0,0,0,0,,0,5,2,24,12.00,0,0,0,0,,,2,4.4,4.4,3.4,,204,,2.0,0.0
548,532,Jack Stoll,PHI,TE,23,16,5,0,0,0,0,0,0,0,,0,5,4,22,5.50,0,0,0,0,,,2,6.2,6.2,4.2,,102,,4.0,0.0
550,534,Tylan Wallace,BAL,WR,22,17,1,0,0,0,0,0,0,0,,0,6,2,23,11.50,0,0,0,0,,,2,4.3,4.3,3.3,,206,,2.0,0.0
551,535,Derek Watt,PIT,RB,29,17,4,0,0,0,0,0,1,1,1.00,0,3,3,15,5.00,0,0,0,0,,,2,4.6,4.6,3.1,,150,,4.0,0.0
552,536,Mitchell Wilcox,CIN,TE,25,15,1,0,0,0,0,0,0,0,,0,5,3,16,5.33,0,0,0,0,,,2,4.6,4.6,3.1,,104,,3.0,0.0
557,540,Miles Boykin,BAL,WR,25,8,0,0,0,0,0,0,0,0,,0,1,1,6,6.00,0,0,0,0,,,1,1.6,1.6,1.1,,221,,1.0,0.0
558,541,Gary Brightwell,NYG,RB,22,13,0,0,0,0,0,0,1,4,4.00,0,1,1,6,6.00,0,0,0,0,,,1,2.0,2.0,1.5,,158,,2.0,0.0
561,544,Damarea Crockett,DEN,RB,24,12,0,0,0,0,0,0,3,7,2.33,0,0,0,0,,0,0,0,0,,,1,0.7,0.7,0.7,,160,,3.0,0.0
562,545,Frank Darby,ATL,WR,24,10,0,0,0,0,0,0,0,0,,0,4,1,14,14.00,0,0,0,0,,,1,2.4,2.4,1.9,,211,,1.0,0.0
565,548,Jake Funk,LAR,RB,23,10,0,0,0,0,0,0,2,5,2.50,0,0,0,0,,0,0,0,0,,,1,0.5,0.5,0.5,,161,,2.0,0.0
567,550,Demetrius Harris,ARI,TE,30,14,4,0,0,0,0,0,0,0,,0,6,3,10,3.33,0,0,0,0,,,1,4.0,4.0,2.5,,108,,3.0,0.0
569,552,Buddy Howell,LAR,RB,25,10,0,0,0,0,0,0,5,11,2.20,0,0,0,0,,0,0,0,0,,,1,1.1,1.1,1.1,,156,,5.0,0.0
570,553,Andy Isabella,ARI,WR,25,8,0,0,0,0,0,0,0,0,,0,1,1,13,13.00,0,0,0,0,,,1,2.3,2.3,1.8,,214,,1.0,0.0
576,559,Jaydon Mickens,2TM,WR,27,11,0,0,0,0,0,0,0,0,,0,3,2,10,5.00,0,1,0,0,,,1,3.0,3.0,2.0,,219,,2.0,0.0
577,560,Stanley Morgan Jr.,CIN,WR,25,17,1,0,0,0,0,0,1,3,3.00,0,4,2,11,5.50,0,0,0,0,,,1,3.4,3.4,2.4,,212,,3.0,0.0
579,562,Ryan Nall,CHI,RB,26,9,0,0,0,0,0,0,1,4,4.00,0,1,1,4,4.00,0,0,0,0,,,1,1.8,1.8,1.3,,159,,2.0,0.0
585,568,Luke Stocker,MIN,TE,33,12,0,0,0,0,0,0,0,0,,0,2,2,12,6.00,0,0,0,0,,,1,3.2,3.2,2.2,,106,,2.0,0.0
586,569,Eric Tomlinson,BAL,TE,29,17,7,0,0,0,0,0,0,0,,0,1,1,7,7.00,0,0,0,0,,,1,1.7,1.7,1.2,,114,,1.0,0.0
596,578,Tutu Atwell,LAR,,22,8,0,0,0,0,0,0,0,0,,0,0,0,0,,0,1,0,0,,,,,,,,228,,0.0,0.0
600,582,Andrew Beck,DEN,,25,12,0,0,0,0,0,0,0,0,,0,0,0,0,,0,0,0,0,,,,,,,,117,,0.0,0.0
601,583,Nick Bellore,SEA,RB,32,17,0,0,0,0,0,0,0,0,,0,1,1,4,4.00,0,0,0,0,,,,1.4,1.4,0.9,,162,,1.0,0.0
609,591,Dan Chisena,MIN,,24,11,0,0,0,0,0,0,0,0,,0,0,0,0,,0,0,0,0,,,,,,,,232,,0.0,0.0
616,598,Darrell Daniels,ARI,TE,27,15,4,0,0,0,0,0,0,0,,0,4,1,0,0.00,0,0,0,0,,,,1.0,1.0,0.5,,120,,1.0,0.0
628,609,Cullen Gillaspia,NYG,,26,15,0,0,0,0,0,0,0,0,,0,0,0,0,,0,0,0,0,,,,,,,,170,,0.0,0.0
629,610,Justin Hardee,NYJ,,27,16,0,0,0,0,0,0,0,0,,0,0,0,0,,0,0,0,0,,,,,,,,241,,0.0,0.0
630,611,Clark Harris,CIN,,37,17,0,0,0,0,0,0,0,0,,0,0,0,0,,0,0,0,0,,,,,,,,124,,0.0,0.0
632,613,Jacob Harris,LAR,,24,9,0,0,0,0,0,0,0,0,,0,0,0,0,,0,0,0,0,,,,,,,,125,,0.0,0.0
633,614,Daniel Helm,LVR,TE,26,9,1,0,0,0,0,0,0,0,,0,2,1,-1,-1.00,0,0,0,0,,,,0.9,0.9,0.4,,144,,1.0,0.0
638,619,J.P. Holtz,CHI,,28,13,0,0,0,0,0,0,0,0,,0,0,0,0,,0,0,0,0,,,,,,,,127,,0.0,0.0
643,624,Taiwan Jones,BUF,,33,17,0,0,0,0,0,0,0,0,,0,0,0,0,,0,0,0,0,,,,,,,,173,,0.0,0.0
653,633,Matthew Orzech,LAR,,26,17,0,0,0,0,0,0,0,0,,0,0,0,0,,0,1,0,0,,,,,,,,132,,0.0,0.0
657,637,Giovanni Ricci,CAR,,25,16,1,0,0,0,0,0,0,0,,0,2,0,0,,0,0,0,0,,,,,,,,133,,0.0,0.0
662,642,Matthew Slater,NWE,,36,17,0,0,0,0,0,0,0,0,,0,0,0,0,,0,0,0,0,,,,,,,,250,,0.0,0.0
665,645,Nate Solder,NYG,,33,16,16,0,0,0,0,0,0,0,,0,0,0,0,,0,0,0,0,,,,,,,,135,,0.0,0.0
668,648,Colin Thompson,CAR,,28,11,2,0,0,0,0,0,0,0,,0,1,0,0,,0,0,0,0,,,,,,,,138,,0.0,0.0
681,660,Khari Blasingame,TEN,RB,25,11,3,0,0,0,0,0,3,6,2.00,0,2,2,4,2.00,0,1,1,0,,,-1,1.0,2.0,,,178,,5.0,0.0
683,662,Feleipe Franks,ATL,QB,24,9,0,0,1,0,0,1,3,6,2.00,0,0,0,0,,0,0,0,0,,,-1,-1.4,-0.4,-0.4,,83,,3.0,0.0
684,663,Racey McMath,TEN,WR,22,9,0,0,0,0,0,0,0,0,,0,6,2,8,4.00,0,1,1,0,,,-1,0.8,1.8,-0.2,,259,,2.0,0.0
685,664,Malik Taylor,GNB,WR,26,10,0,0,0,0,0,0,0,0,,0,3,2,14,7.00,0,1,1,0,,,-1,1.4,2.4,0.4,,258,,2.0,0.0
687,666,Travis Benjamin,SFO,,32,10,0,0,0,0,0,0,0,0,,0,5,0,0,,0,1,1,0,,,-2,-2.0,-1.0,-2.0,,260,,0.0,0.0
688,667,Trenton Cannon,2TM,RB,27,12,0,0,0,0,0,0,3,4,1.33,0,0,0,0,,0,1,1,0,,,-2,-1.6,-0.6,-1.6,,179,,3.0,0.0
691,670,Diontae Spencer,DEN,WR,29,15,0,0,0,0,0,0,0,0,,0,4,1,-3,-3.00,0,2,2,0,,,-4,-3.3,-1.3,-3.8,,261,,1.0,0.0
